task,model,shot,rep,r2,rmse,rpd,n_var
gasoline-octane,PLS,5,0,0.6641060166834616,0.8863357540838497,1.7413391029962018,401
gasoline-octane,PLS,5,1,0.24165036747624669,1.3056107986139511,1.1589100378616393,401
gasoline-octane,PLS,5,2,0.903954064741605,0.4568990188531681,3.256454165638392,401
gasoline-octane,PLS,5,3,0.5115373619959709,1.0768314152768765,1.4440053076155228,401
gasoline-octane,PLS,5,4,0.921848049506006,0.41748466627827663,3.6100611143305246,401
gasoline-octane,PLS,5,5,0.8002571099484858,0.647690504074304,2.2581292701558144,401
gasoline-octane,PLS,5,6,-1.2623336925438555,2.311009317631947,0.6709746819221275,401
gasoline-octane,PLS,5,7,0.836802775481425,0.5952497078816189,2.498205042361947,401
gasoline-octane,PLS,5,8,0.911418530162978,0.4227027437815265,3.390884707413421,401
gasoline-octane,PLS,5,9,-0.3399665186085392,1.7887062842685049,0.8718414069003557,401
gasoline-octane,PLS,5,10,0.7265685683011356,0.8096296121713655,1.9300130547139436,401
gasoline-octane,PLS,5,11,0.8842518619062104,0.48712224691006334,2.966384600890065,401
gasoline-octane,PLS,5,12,0.9179351185816982,0.43312648908213935,3.522944421100967,401
gasoline-octane,PLS,5,13,0.9076899889156588,0.46242411743724093,3.3216973749154466,401
gasoline-octane,PLS,5,14,0.955053758112797,0.3219580013205125,4.760337805993228,401
gasoline-octane,PLS,5,15,0.11761070845067934,1.4441073866306304,1.07437118117931,401
gasoline-octane,PLS,5,16,0.8673208184324678,0.5695964130245539,2.7706589667202373,401
gasoline-octane,PLS,5,17,0.9621096824717862,0.2905459248071256,5.184660728104565,401
gasoline-octane,PLS,5,18,-0.1760375201739912,1.6655143846689693,0.9306232019777401,401
gasoline-octane,PLS,5,19,0.6554201525397425,0.8799515741562989,1.7192519580494852,401
gasoline-octane,PLS,5,20,0.8752644950788803,0.5479203519074318,2.8575209304255584,401
gasoline-octane,PLS,5,21,-0.03053149984954273,1.5633352237547873,0.9941543776514911,401
gasoline-octane,PLS,5,22,0.11178803700157758,1.4676458973405797,1.0708438719727145,401
gasoline-octane,PLS,5,23,0.8313554870464199,0.6169373636362745,2.45752733456116,401
gasoline-octane,PLS,5,24,0.8421870035006801,0.6193364681753901,2.540464214702984,401
gasoline-octane,PLS,5,25,0.6198732324837952,0.9327390319628802,1.6368928005190875,401
gasoline-octane,PLS,5,26,0.62808614523827,0.9293394846168233,1.654867725900553,401
gasoline-octane,PLS,5,27,0.9216518850719013,0.4315482101540216,3.605538928824293,401
gasoline-octane,PLS,5,28,0.2956066757046625,1.2662324991513185,1.2024771961432623,401
gasoline-octane,PLS,5,29,0.8452594594072512,0.5777988969928526,2.565561383118288,401
gasoline-octane,PLS,10,0,0.9730304433756529,0.24978399975514887,6.151061351663595,401
gasoline-octane,PLS,10,1,0.9383645995982322,0.3742627565669039,4.068851608189499,401
gasoline-octane,PLS,10,2,0.9341585509961821,0.3803942932236758,3.9367448873073703,401
gasoline-octane,PLS,10,3,0.967995926550483,0.2776520196710866,5.646565014007894,401
gasoline-octane,PLS,10,4,0.9748927974912753,0.2397277776178076,6.375111712325825,401
gasoline-octane,PLS,10,5,0.947165148357644,0.3203763384664445,4.394674522920693,401
gasoline-octane,PLS,10,6,0.9501280220489724,0.3364411285265834,4.5233340910566175,401
gasoline-octane,PLS,10,7,0.9509697259139093,0.3465103948297109,4.561994965280612,401
gasoline-octane,PLS,10,8,0.9243685709662215,0.41363440229291104,3.673125853589365,401
gasoline-octane,PLS,10,9,0.9421020775956251,0.3593643880116925,4.198126030150915,401
gasoline-octane,PLS,10,10,0.9148920097592596,0.4393364270976918,3.4625957736077897,401
gasoline-octane,PLS,10,11,0.8375652007134158,0.6203713955243961,2.5063829300881153,401
gasoline-octane,PLS,10,12,0.9625807872615255,0.3037710713189252,5.22203332598086,401
gasoline-octane,PLS,10,13,0.9467916054033773,0.3562113662842859,4.379221218637193,401
gasoline-octane,PLS,10,14,0.9722201552342292,0.2531705994267841,6.060689778793882,401
gasoline-octane,PLS,10,15,0.9444802507230864,0.3518827607476038,4.287096052994466,401
gasoline-octane,PLS,10,16,0.9532796142150519,0.30250697861504816,4.673408585246582,401
gasoline-octane,PLS,10,17,0.9755861786875569,0.24217748302518716,6.465008219257957,401
gasoline-octane,PLS,10,18,0.9671958874896764,0.2877739578486241,5.577284720206012,401
gasoline-octane,PLS,10,19,0.8438120608679318,0.6154536875123529,2.5560139214299316,401
gasoline-octane,PLS,10,20,0.9559618780954755,0.3192995014117993,4.813628474276035,401
gasoline-octane,PLS,10,21,0.9741679757835257,0.2375864864109259,6.285035608709251,401
gasoline-octane,PLS,10,22,0.9739078902401125,0.24518907407331073,6.253632612226369,401
gasoline-octane,PLS,10,23,0.9645063426684254,0.292835336218932,5.361812046078069,401
gasoline-octane,PLS,10,24,0.9257829728066049,0.4175552915379908,3.707961233146064,401
gasoline-octane,PLS,10,25,0.9789861298934871,0.22157917651171405,6.968413933217315,401
gasoline-octane,PLS,10,26,0.9629192852646261,0.293558355464254,5.245814314304089,401
gasoline-octane,PLS,10,27,0.8516235521479623,0.5962367376421064,2.622433458554045,401
gasoline-octane,PLS,10,28,0.7285428235578482,0.7690445051589806,1.9388146756886657,401
gasoline-octane,PLS,10,29,0.9662988363403477,0.25165863640715785,5.502556540515339,401
gasoline-octane,PLS,20,0,0.9716991466733467,0.2680784986447445,6.02001989988061,401
gasoline-octane,PLS,20,1,0.9520828158775806,0.3176915013758659,4.626494474863302,401
gasoline-octane,PLS,20,2,0.9567931413513711,0.3268386293581089,4.872157802953393,401
gasoline-octane,PLS,20,3,0.9744968651191593,0.25056714946335523,6.341630125122404,401
gasoline-octane,PLS,20,4,0.9608082711612622,0.27939582005449115,5.115645969732898,401
gasoline-octane,PLS,20,5,0.9727791710052472,0.24866534207961632,6.138284571817504,401
gasoline-octane,PLS,20,6,0.9792379769664971,0.23239947440308403,7.02850337793261,401
gasoline-octane,PLS,20,7,0.9683339125605286,0.27663440202643425,5.691155982045644,401
gasoline-octane,PLS,20,8,0.9616459926772338,0.28809011512642024,5.171211716349927,401
gasoline-octane,PLS,20,9,0.9662793181797377,0.24273548600174208,5.5150508170187456,401
gasoline-octane,PLS,20,10,0.9750181981762635,0.26047872950956275,6.40745865799545,401
gasoline-octane,PLS,20,11,0.9554519572443448,0.3434122362128772,4.798255593472863,401
gasoline-octane,PLS,20,12,0.9520470317790175,0.3436298690301921,4.624767930734637,401
gasoline-octane,PLS,20,13,0.966755897555916,0.27027325044805367,5.5544413603975595,401
gasoline-octane,PLS,20,14,0.9717306567194426,0.25891195978001474,6.023374032888506,401
gasoline-octane,PLS,20,15,0.9793523580276483,0.21352901253552492,7.047944275253094,401
gasoline-octane,PLS,20,16,0.9559578504793742,0.29831454426724935,4.825734658195651,401
gasoline-octane,PLS,20,17,0.9804687418117211,0.2128498830270357,7.246571499499691,401
gasoline-octane,PLS,20,18,0.9567144651920185,0.3175847888227874,4.867727951196734,401
gasoline-octane,PLS,20,19,0.9712760369677189,0.2552615717452354,5.975517362041193,401
gasoline-octane,PLS,20,20,0.9743363713849312,0.22920097486762234,6.321769563653385,401
gasoline-octane,PLS,20,21,0.9452783992321696,0.34630552729168546,4.329306121690673,401
gasoline-octane,PLS,20,22,0.9741005673370358,0.23881536059546443,6.292925158790689,401
gasoline-octane,PLS,20,23,0.9744850732774706,0.24971480579460403,6.340164548888984,401
gasoline-octane,PLS,20,24,0.9426419232132119,0.35474242277784224,4.228636962442076,401
gasoline-octane,PLS,20,25,0.9648331105042164,0.27165371241595027,5.400459503456812,401
gasoline-octane,PLS,20,26,0.9721142035298167,0.25759310768971294,6.064655912186494,401
gasoline-octane,PLS,20,27,0.974557087802104,0.23337841186329694,6.349130922433515,401
gasoline-octane,PLS,20,28,0.9794667169502027,0.21981499703953364,7.0675435811676115,401
gasoline-octane,PLS,20,29,0.9773071004404046,0.21369675859109527,6.722838781593677,401
