task,method,init,variant,tag,shot,rep,r2,rmse,rpd
Corn_Starch,proto,mae,both,trip__proto__mae,5,0,-0.0276463307415431,0.8166242133270373,0.9905931132396139
Corn_Starch,proto,mae,both,trip__proto__mae,5,1,-0.39646377941154065,0.9519524430162254,0.8497717798416244
Corn_Starch,proto,mae,both,trip__proto__mae,5,2,-0.0003914528119084437,0.8057223321901611,1.0039964011268827
Corn_Starch,proto,mae,both,trip__proto__mae,5,3,-0.0035184259673981533,0.8069805928229131,1.002430949419372
Corn_Starch,proto,mae,both,trip__proto__mae,5,4,-0.30186754220691037,0.9191445461195025,0.8801034888818302
Corn_Starch,proto,mae,both,trip__proto__mae,5,5,-1.2274319488260832,1.2022717351879058,0.6728448304576078
Corn_Starch,proto,mae,both,trip__proto__mae,5,6,-0.08936819831673182,0.8407904328316922,0.9621212257399853
Corn_Starch,proto,mae,both,trip__proto__mae,5,7,-0.0004187517117406614,0.8057333254784013,1.0039827027710115
Corn_Starch,proto,mae,both,trip__proto__mae,5,8,-0.7525113951138822,1.0664262830649103,0.758554374242896
Corn_Starch,proto,mae,both,trip__proto__mae,5,9,-0.968928809938393,1.1303564628629084,0.7156524055939248
Corn_Starch,proto,mae,both,trip__proto__mae,10,0,-0.07507890391000993,0.8352578862504207,0.9684940844532768
Corn_Starch,proto,mae,both,trip__proto__mae,10,1,-0.7373295709538028,1.0617970655967228,0.7618615157613572
Corn_Starch,proto,mae,both,trip__proto__mae,10,2,-0.33666190290936204,0.9313463136583656,0.8685730645659857
Corn_Starch,proto,mae,both,trip__proto__mae,10,3,-1.1000395995771095,1.167385129773918,0.6929523952246543
Corn_Starch,proto,mae,both,trip__proto__mae,10,4,-0.20249667335136534,0.8833694111732292,0.9157463588784448
Corn_Starch,proto,mae,both,trip__proto__mae,10,5,-0.947600503660458,1.1242175325289017,0.7195603149924047
Corn_Starch,proto,mae,both,trip__proto__mae,10,6,-0.16102694099282577,0.8680036743371079,0.9319572551858926
Corn_Starch,proto,mae,both,trip__proto__mae,10,7,-0.05995296284782947,0.8293611953238808,0.9753799989527766
Corn_Starch,proto,mae,both,trip__proto__mae,10,8,-0.15425657793799896,0.8654691541826707,0.934686485262929
Corn_Starch,proto,mae,both,trip__proto__mae,10,9,-0.3345882742190691,0.9306236118177333,0.8692475793155733
Corn_Starch,proto,mae,both,trip__proto__mae,25,0,-0.0046551807955215185,0.8074375248657217,1.001863669837501
Corn_Starch,proto,mae,both,trip__proto__mae,25,1,0.0752625738594187,0.7746573258215487,1.044258273771014
Corn_Starch,proto,mae,both,trip__proto__mae,25,2,0.1327822361259171,0.7501783001979241,1.0783334063555987
Corn_Starch,proto,mae,both,trip__proto__mae,25,3,0.03283528712782946,0.7922288182101381,1.0210968134864151
Corn_Starch,proto,mae,both,trip__proto__mae,25,4,-0.002341207613878682,0.8065071231234012,1.0030194385557913
Corn_Starch,proto,mae,both,trip__proto__mae,25,5,-0.024859446417618836,0.815516155908505,0.991939051072874
Corn_Starch,proto,mae,both,trip__proto__mae,25,6,-0.1418015669613899,0.8607870649304634,0.9397705365052492
Corn_Starch,proto,mae,both,trip__proto__mae,25,7,0.046107373388181605,0.7867742919117355,1.0281758442575444
Corn_Starch,proto,mae,both,trip__proto__mae,25,8,0.051359027829424364,0.7846055103872757,1.0310178951294802
Corn_Starch,proto,mae,both,trip__proto__mae,25,9,-0.005268638719239993,0.8076840041385158,1.0015579331539526
