method,cond,K,rep,r2
pls,full,10,0,-31.135523159145933
pls,keep_bigCH,10,0,-2.8608795836655925
pls,keep_VIS,10,0,-3988.905327155278
pls,CH3_2nd,10,0,-3.1910994231963032
pls,CH2_2nd,10,0,-0.6387115317833341
pls,ArH_2nd,10,0,-211.94897854136673
pls,CH3_combo,10,0,-4.148644907862922
pls,CH2_combo,10,0,-3.694357258395539
pls,=CH_1st,10,0,-3.8474260080970852
pls,ArH_1st,10,0,0.886511897353893
pls,CH3_1st,10,0,-0.6156115157743998
pls,CH2_1st,10,0,-2.8671855344083
pls,ArH_combo2,10,0,-0.510622438093338
pls,CH_combo2,10,0,0.6068256921810354
mae_ridge,full,10,0,0.7330218549219906
mae_ridge,keep_bigCH,10,0,-0.3220347183109309
mae_ridge,keep_VIS,10,0,0.06200124009512753
mae_ridge,CH3_2nd,10,0,0.3179833249616888
mae_ridge,CH2_2nd,10,0,0.033403832649526954
mae_ridge,ArH_2nd,10,0,0.47120080608095916
mae_ridge,CH3_combo,10,0,0.4447874771662369
mae_ridge,CH2_combo,10,0,0.22971154028419993
mae_ridge,=CH_1st,10,0,0.25946974025237324
mae_ridge,ArH_1st,10,0,0.6233466844600083
mae_ridge,CH3_1st,10,0,0.5445672198252713
mae_ridge,CH2_1st,10,0,0.5314296845730202
mae_ridge,ArH_combo2,10,0,0.5823068196216272
mae_ridge,CH_combo2,10,0,0.7406806414558426
pls,full,10,1,0.5478636107802549
pls,keep_bigCH,10,1,0.5909469725890871
pls,keep_VIS,10,1,-277.9670204577387
pls,CH3_2nd,10,1,0.6620145930035226
pls,CH2_2nd,10,1,0.14129414963740095
pls,ArH_2nd,10,1,-15.977645748107683
pls,CH3_combo,10,1,0.0777859073563304
pls,CH2_combo,10,1,0.6707657181146554
pls,=CH_1st,10,1,0.4803032957117447
pls,ArH_1st,10,1,0.49435040949164755
pls,CH3_1st,10,1,0.4278109517747616
pls,CH2_1st,10,1,0.29216686118200474
pls,ArH_combo2,10,1,0.6968744253618491
pls,CH_combo2,10,1,0.5396269900632267
mae_ridge,full,10,1,0.5873521296296009
mae_ridge,keep_bigCH,10,1,0.6354989611387915
mae_ridge,keep_VIS,10,1,-0.004891530223327001
mae_ridge,CH3_2nd,10,1,0.5511342196463738
mae_ridge,CH2_2nd,10,1,0.3966065902737931
mae_ridge,ArH_2nd,10,1,0.587113420871464
mae_ridge,CH3_combo,10,1,0.27236416209927516
mae_ridge,CH2_combo,10,1,0.3778881562301114
mae_ridge,=CH_1st,10,1,-0.0038274725955274036
mae_ridge,ArH_1st,10,1,0.6255781164022666
mae_ridge,CH3_1st,10,1,0.5394647952414038
mae_ridge,CH2_1st,10,1,0.5018688820540191
mae_ridge,ArH_combo2,10,1,0.4151053527106586
mae_ridge,CH_combo2,10,1,0.624695806003797
pls,full,10,2,-13.007616355403052
pls,keep_bigCH,10,2,-5.512652244953191
pls,keep_VIS,10,2,-2963.1660365421935
pls,CH3_2nd,10,2,-46.87605824385317
pls,CH2_2nd,10,2,-0.43707159093635606
pls,ArH_2nd,10,2,-32.453204614985545
pls,CH3_combo,10,2,-6.118485902042975
pls,CH2_combo,10,2,-5.243027636274526
pls,=CH_1st,10,2,-3.018869730867812
pls,ArH_1st,10,2,0.879199848493476
pls,CH3_1st,10,2,0.33407121187314814
pls,CH2_1st,10,2,-3.178733788339474
pls,ArH_combo2,10,2,0.7508826271098932
pls,CH_combo2,10,2,0.7549260946163284
mae_ridge,full,10,2,0.46152362934750313
mae_ridge,keep_bigCH,10,2,0.2643578151721506
mae_ridge,keep_VIS,10,2,-0.11276741762894837
mae_ridge,CH3_2nd,10,2,-0.003019589672007106
mae_ridge,CH2_2nd,10,2,0.3456701137389673
mae_ridge,ArH_2nd,10,2,0.27366072202181946
mae_ridge,CH3_combo,10,2,0.27007594244183275
mae_ridge,CH2_combo,10,2,0.2561440413788645
mae_ridge,=CH_1st,10,2,-0.9786784883071777
mae_ridge,ArH_1st,10,2,0.23037419206886922
mae_ridge,CH3_1st,10,2,0.5752207824998161
mae_ridge,CH2_1st,10,2,0.23823349613529554
mae_ridge,ArH_combo2,10,2,0.4862897172474161
mae_ridge,CH_combo2,10,2,0.6442781912784418
pls,full,10,3,-4.804411145717388
pls,keep_bigCH,10,3,-2.8135110795073355
pls,keep_VIS,10,3,-3.845393356583033
pls,CH3_2nd,10,3,0.1374761937096245
pls,CH2_2nd,10,3,0.5587695440006382
pls,ArH_2nd,10,3,0.22136479495968187
pls,CH3_combo,10,3,-4.639651711805738
pls,CH2_combo,10,3,-1.5715367049747044
pls,=CH_1st,10,3,-2.7238456642062174
pls,ArH_1st,10,3,-1.0232122791059433
pls,CH3_1st,10,3,-0.2974943176523708
pls,CH2_1st,10,3,-0.07468839890640933
pls,ArH_combo2,10,3,-0.7479096691565377
pls,CH_combo2,10,3,0.6433621172829367
mae_ridge,full,10,3,0.4894929184294743
mae_ridge,keep_bigCH,10,3,0.41275849915839624
mae_ridge,keep_VIS,10,3,-0.06218629135363374
mae_ridge,CH3_2nd,10,3,0.12339257527049896
mae_ridge,CH2_2nd,10,3,0.11906855279836515
mae_ridge,ArH_2nd,10,3,0.2484745832322649
mae_ridge,CH3_combo,10,3,-0.2194402099311341
mae_ridge,CH2_combo,10,3,-0.9612441019974729
mae_ridge,=CH_1st,10,3,-3.3412241569188232
mae_ridge,ArH_1st,10,3,-0.3376649985231155
mae_ridge,CH3_1st,10,3,0.10192275465760359
mae_ridge,CH2_1st,10,3,0.1090225047812261
mae_ridge,ArH_combo2,10,3,0.2832272061679466
mae_ridge,CH_combo2,10,3,0.5135947407627204
pls,full,10,4,-46.95409042001974
pls,keep_bigCH,10,4,-0.1106551765189181
pls,keep_VIS,10,4,-582.6976057304438
pls,CH3_2nd,10,4,-10.312677584059013
pls,CH2_2nd,10,4,-3.451535374406446
pls,ArH_2nd,10,4,-2.4583689044705896
pls,CH3_combo,10,4,-2.3457202461159894
pls,CH2_combo,10,4,-1.5254642780076861
pls,=CH_1st,10,4,-0.8626468580788358
pls,ArH_1st,10,4,0.27569921802754593
pls,CH3_1st,10,4,-0.8658410347972698
pls,CH2_1st,10,4,-11.19738192897592
pls,ArH_combo2,10,4,0.2855678310088746
pls,CH_combo2,10,4,-2.2402927367820307
mae_ridge,full,10,4,0.5783832579428734
mae_ridge,keep_bigCH,10,4,0.4329286460076357
mae_ridge,keep_VIS,10,4,-0.21230404695549931
mae_ridge,CH3_2nd,10,4,0.10073926705981351
mae_ridge,CH2_2nd,10,4,0.2165230137877736
mae_ridge,ArH_2nd,10,4,0.15875892276943893
mae_ridge,CH3_combo,10,4,0.4249928466825301
mae_ridge,CH2_combo,10,4,0.3268999005448262
mae_ridge,=CH_1st,10,4,0.13942686528324721
mae_ridge,ArH_1st,10,4,0.48544924991814964
mae_ridge,CH3_1st,10,4,-0.7482162175104057
mae_ridge,CH2_1st,10,4,0.5819299444998407
mae_ridge,ArH_combo2,10,4,0.6113699308147106
mae_ridge,CH_combo2,10,4,0.6557508829464512
pls,full,10,5,-0.6340032003288054
pls,keep_bigCH,10,5,0.5410595927300768
pls,keep_VIS,10,5,-62.56355996210255
pls,CH3_2nd,10,5,-0.9087163976277779
pls,CH2_2nd,10,5,-0.47484480969410425
pls,ArH_2nd,10,5,-3.4635004970360805
pls,CH3_combo,10,5,0.5161529091169124
pls,CH2_combo,10,5,-0.4542204058621777
pls,=CH_1st,10,5,-3.2972565377546514
pls,ArH_1st,10,5,0.12554321531658608
pls,CH3_1st,10,5,0.10950438909063276
pls,CH2_1st,10,5,-0.2789572703735219
pls,ArH_combo2,10,5,0.201622356910392
pls,CH_combo2,10,5,-1.1206974281494473
mae_ridge,full,10,5,0.5483358868752548
mae_ridge,keep_bigCH,10,5,0.5186416494542476
mae_ridge,keep_VIS,10,5,0.1099364351253379
mae_ridge,CH3_2nd,10,5,0.3737311585271471
mae_ridge,CH2_2nd,10,5,0.27111960674976465
mae_ridge,ArH_2nd,10,5,0.5004967670623042
mae_ridge,CH3_combo,10,5,0.1327688688041766
mae_ridge,CH2_combo,10,5,-0.23699875890316702
mae_ridge,=CH_1st,10,5,-0.2373363946158713
mae_ridge,ArH_1st,10,5,0.6194670597146146
mae_ridge,CH3_1st,10,5,0.49662061660846024
mae_ridge,CH2_1st,10,5,0.46989305421171534
mae_ridge,ArH_combo2,10,5,0.5557857003329706
mae_ridge,CH_combo2,10,5,0.6082121286849491
pls,full,10,6,-20.484359586296307
pls,keep_bigCH,10,6,0.32649826820534134
pls,keep_VIS,10,6,-7120.617771527948
pls,CH3_2nd,10,6,-19.730009640915366
pls,CH2_2nd,10,6,-0.7611959994943942
pls,ArH_2nd,10,6,-32.96601129362155
pls,CH3_combo,10,6,0.3568104562303318
pls,CH2_combo,10,6,0.5336805255888475
pls,=CH_1st,10,6,-0.3941645073915887
pls,ArH_1st,10,6,-1.6344187574507925
pls,CH3_1st,10,6,0.12503816441824112
pls,CH2_1st,10,6,-4.185908228508487
pls,ArH_combo2,10,6,0.8504079468227481
pls,CH_combo2,10,6,-0.09300581847477796
mae_ridge,full,10,6,0.7083387068256901
mae_ridge,keep_bigCH,10,6,0.4389570781556372
mae_ridge,keep_VIS,10,6,0.34926982215798885
mae_ridge,CH3_2nd,10,6,0.4180900942778327
mae_ridge,CH2_2nd,10,6,-0.13891226925883937
mae_ridge,ArH_2nd,10,6,0.499934182020518
mae_ridge,CH3_combo,10,6,0.39130132537584894
mae_ridge,CH2_combo,10,6,0.26094951064498806
mae_ridge,=CH_1st,10,6,-0.1076606306982899
mae_ridge,ArH_1st,10,6,0.6972679343311414
mae_ridge,CH3_1st,10,6,0.5653670149336318
mae_ridge,CH2_1st,10,6,0.5737574413299824
mae_ridge,ArH_combo2,10,6,0.5680702514996678
mae_ridge,CH_combo2,10,6,0.70253837352947
pls,full,10,7,-3.2922521750817832
pls,keep_bigCH,10,7,-1.5040776001653526
pls,keep_VIS,10,7,-7723.703668047981
pls,CH3_2nd,10,7,-16.835210235591273
pls,CH2_2nd,10,7,0.18686768725407177
pls,ArH_2nd,10,7,-0.06796592916531319
pls,CH3_combo,10,7,-1.4939880267035313
pls,CH2_combo,10,7,0.6062000912850402
pls,=CH_1st,10,7,-5.2926949385132716
pls,ArH_1st,10,7,0.7967291275639288
pls,CH3_1st,10,7,0.535314134266025
pls,CH2_1st,10,7,0.2725917171196328
pls,ArH_combo2,10,7,0.7680665795325508
pls,CH_combo2,10,7,0.8079236695606867
mae_ridge,full,10,7,0.7308814855853105
mae_ridge,keep_bigCH,10,7,0.6260579235522876
mae_ridge,keep_VIS,10,7,0.01271331272989673
mae_ridge,CH3_2nd,10,7,0.4414542439394187
mae_ridge,CH2_2nd,10,7,0.48549030708528396
mae_ridge,ArH_2nd,10,7,0.5181087175948567
mae_ridge,CH3_combo,10,7,0.5417594604633271
mae_ridge,CH2_combo,10,7,0.39884135886009353
mae_ridge,=CH_1st,10,7,0.039634035188080174
mae_ridge,ArH_1st,10,7,0.7205029927653064
mae_ridge,CH3_1st,10,7,0.5866516377284491
mae_ridge,CH2_1st,10,7,0.4654105670087012
mae_ridge,ArH_combo2,10,7,0.6441544971155921
mae_ridge,CH_combo2,10,7,0.7466804333547342
pls,full,10,8,-14.624425499719713
pls,keep_bigCH,10,8,0.15040828285746155
pls,keep_VIS,10,8,-977.8364093735225
pls,CH3_2nd,10,8,-2.1269681941534615
pls,CH2_2nd,10,8,-0.991713540637035
pls,ArH_2nd,10,8,-1.644759112809838
pls,CH3_combo,10,8,-5.5134941619199935
pls,CH2_combo,10,8,-4.54572791751717
pls,=CH_1st,10,8,-5.278247836323468
pls,ArH_1st,10,8,-0.9507838311908432
pls,CH3_1st,10,8,0.0038504337720139947
pls,CH2_1st,10,8,0.8032895037333121
pls,ArH_combo2,10,8,0.14062402780112793
pls,CH_combo2,10,8,0.6051912260979786
mae_ridge,full,10,8,0.7108135932545352
mae_ridge,keep_bigCH,10,8,0.5301360243035298
mae_ridge,keep_VIS,10,8,-0.28821997791042797
mae_ridge,CH3_2nd,10,8,0.2941309225107288
mae_ridge,CH2_2nd,10,8,0.34732077398303585
mae_ridge,ArH_2nd,10,8,0.43825338131719227
mae_ridge,CH3_combo,10,8,0.29133221793038255
mae_ridge,CH2_combo,10,8,0.3148416731334751
mae_ridge,=CH_1st,10,8,0.14065218478755415
mae_ridge,ArH_1st,10,8,0.597153205888004
mae_ridge,CH3_1st,10,8,0.7163177997622664
mae_ridge,CH2_1st,10,8,0.6813067544682718
mae_ridge,ArH_combo2,10,8,0.5564326195963802
mae_ridge,CH_combo2,10,8,0.7357160780836993
pls,full,10,9,-14.78593466045008
pls,keep_bigCH,10,9,0.8175631028296186
pls,keep_VIS,10,9,-4074.7598938198603
pls,CH3_2nd,10,9,-2.2750107724856425
pls,CH2_2nd,10,9,-1.9781198436309202
pls,ArH_2nd,10,9,-4.216435922866153
pls,CH3_combo,10,9,-2.1661428737369866
pls,CH2_combo,10,9,-0.05029651109301603
pls,=CH_1st,10,9,-37.44602107634271
pls,ArH_1st,10,9,0.8539760811040983
pls,CH3_1st,10,9,0.6151428734487678
pls,CH2_1st,10,9,0.7140708861670904
pls,ArH_combo2,10,9,-0.11527442282003575
pls,CH_combo2,10,9,-0.37658870221417273
mae_ridge,full,10,9,0.6720330061485827
mae_ridge,keep_bigCH,10,9,0.5957840117984858
mae_ridge,keep_VIS,10,9,-0.39230684550329653
mae_ridge,CH3_2nd,10,9,0.39833014606597816
mae_ridge,CH2_2nd,10,9,0.23781788226429046
mae_ridge,ArH_2nd,10,9,0.43516931862899366
mae_ridge,CH3_combo,10,9,0.4978534280513155
mae_ridge,CH2_combo,10,9,0.3195805358660774
mae_ridge,=CH_1st,10,9,0.11549253693187
mae_ridge,ArH_1st,10,9,0.5682400147045495
mae_ridge,CH3_1st,10,9,0.383249973960611
mae_ridge,CH2_1st,10,9,-0.05355263878578986
mae_ridge,ArH_combo2,10,9,0.573787398320442
mae_ridge,CH_combo2,10,9,0.7743111923967017
pls,full,10,10,0.7042955777252635
pls,keep_bigCH,10,10,-0.969616701654803
pls,keep_VIS,10,10,-3768.977277575712
pls,CH3_2nd,10,10,-23.588151741865158
pls,CH2_2nd,10,10,-1.3510819515395749
pls,ArH_2nd,10,10,-226.69657992669153
pls,CH3_combo,10,10,-0.8906675337386285
pls,CH2_combo,10,10,0.558560231652943
pls,=CH_1st,10,10,0.16101472602066824
pls,ArH_1st,10,10,0.9466747226947633
pls,CH3_1st,10,10,-0.1480912126659586
pls,CH2_1st,10,10,0.10821015382581722
pls,ArH_combo2,10,10,0.8443482774134202
pls,CH_combo2,10,10,0.8417944458449753
mae_ridge,full,10,10,0.6477473803400349
mae_ridge,keep_bigCH,10,10,0.45303304110837217
mae_ridge,keep_VIS,10,10,-0.15906447117141198
mae_ridge,CH3_2nd,10,10,0.3747216924125554
mae_ridge,CH2_2nd,10,10,0.3508057326014181
mae_ridge,ArH_2nd,10,10,0.4291044607440496
mae_ridge,CH3_combo,10,10,0.3778406749808212
mae_ridge,CH2_combo,10,10,0.24057586853920176
mae_ridge,=CH_1st,10,10,-0.012312748998769996
mae_ridge,ArH_1st,10,10,0.6554166898385951
mae_ridge,CH3_1st,10,10,0.5453016730810989
mae_ridge,CH2_1st,10,10,0.6257194030694685
mae_ridge,ArH_combo2,10,10,0.5833598027409967
mae_ridge,CH_combo2,10,10,0.47954454304960625
pls,full,10,11,-0.9992271012002656
pls,keep_bigCH,10,11,-0.702231435758071
pls,keep_VIS,10,11,-4.5785893443420855
pls,CH3_2nd,10,11,-58.27212069382477
pls,CH2_2nd,10,11,-17.658844190759904
pls,ArH_2nd,10,11,-0.07898313107255883
pls,CH3_combo,10,11,-5.356340667668157
pls,CH2_combo,10,11,-2.0597963042458236
pls,=CH_1st,10,11,-2.706574980466908
pls,ArH_1st,10,11,-1.1119800615434405
pls,CH3_1st,10,11,-6.330370693479215
pls,CH2_1st,10,11,0.5026277619114405
pls,ArH_combo2,10,11,-0.28795365620288127
pls,CH_combo2,10,11,0.6840809359814197
mae_ridge,full,10,11,0.5269257356696961
mae_ridge,keep_bigCH,10,11,0.38356092647851225
mae_ridge,keep_VIS,10,11,0.2391275030061335
mae_ridge,CH3_2nd,10,11,-0.20530867463347713
mae_ridge,CH2_2nd,10,11,-0.026310247062897085
mae_ridge,ArH_2nd,10,11,-0.3026510061159373
mae_ridge,CH3_combo,10,11,0.16924208281484698
mae_ridge,CH2_combo,10,11,-0.16556714675009765
mae_ridge,=CH_1st,10,11,-3.70664691749894
mae_ridge,ArH_1st,10,11,0.3363077091192448
mae_ridge,CH3_1st,10,11,0.1458141210118825
mae_ridge,CH2_1st,10,11,0.03071715449533019
mae_ridge,ArH_combo2,10,11,0.37536829541510497
mae_ridge,CH_combo2,10,11,0.48867008111773036
pls,full,10,12,-22.855521936405143
pls,keep_bigCH,10,12,-3.5849148964095923
pls,keep_VIS,10,12,-9579.555567322934
pls,CH3_2nd,10,12,0.2610277880810784
pls,CH2_2nd,10,12,-0.6257471425456798
pls,ArH_2nd,10,12,-0.9223296563862113
pls,CH3_combo,10,12,-2.134981948547474
pls,CH2_combo,10,12,-0.11589678897667754
pls,=CH_1st,10,12,0.41850119893316295
pls,ArH_1st,10,12,0.6698010586697378
pls,CH3_1st,10,12,0.5164552584012922
pls,CH2_1st,10,12,0.4425321746204146
pls,ArH_combo2,10,12,0.1780547639517075
pls,CH_combo2,10,12,0.9332902717777245
mae_ridge,full,10,12,0.6828247331259321
mae_ridge,keep_bigCH,10,12,0.5699603457967515
mae_ridge,keep_VIS,10,12,0.08947819709633464
mae_ridge,CH3_2nd,10,12,0.41645380787260056
mae_ridge,CH2_2nd,10,12,0.4372955084599769
mae_ridge,ArH_2nd,10,12,0.47572654558555116
mae_ridge,CH3_combo,10,12,0.02409667480985478
mae_ridge,CH2_combo,10,12,0.3662692928384592
mae_ridge,=CH_1st,10,12,0.24664466418282904
mae_ridge,ArH_1st,10,12,0.6458769225214223
mae_ridge,CH3_1st,10,12,0.48329461451905686
mae_ridge,CH2_1st,10,12,0.5425369017521661
mae_ridge,ArH_combo2,10,12,0.5493142484050266
mae_ridge,CH_combo2,10,12,0.6983303294924268
pls,full,10,13,-2.2791927767972915
pls,keep_bigCH,10,13,-1.1847324293834145
pls,keep_VIS,10,13,-4.686651274896972
pls,CH3_2nd,10,13,-3.175688672846964
pls,CH2_2nd,10,13,-17.2848305459167
pls,ArH_2nd,10,13,-30.459720234430524
pls,CH3_combo,10,13,-0.7761526348945045
pls,CH2_combo,10,13,-2.9661339548663395
pls,=CH_1st,10,13,-2.4454946837790486
pls,ArH_1st,10,13,-0.4377022268627455
pls,CH3_1st,10,13,0.3323426288718102
pls,CH2_1st,10,13,0.28041755555816916
pls,ArH_combo2,10,13,0.41196591850503583
pls,CH_combo2,10,13,0.7763773659835745
mae_ridge,full,10,13,0.6400725056279677
mae_ridge,keep_bigCH,10,13,0.6282376769182987
mae_ridge,keep_VIS,10,13,0.03186483680386043
mae_ridge,CH3_2nd,10,13,0.2702349986908419
mae_ridge,CH2_2nd,10,13,-2.7042703295365196
mae_ridge,ArH_2nd,10,13,0.20587265255926002
mae_ridge,CH3_combo,10,13,0.11574823974842163
mae_ridge,CH2_combo,10,13,0.3798675240155347
mae_ridge,=CH_1st,10,13,-5.995186118214623
mae_ridge,ArH_1st,10,13,0.5772360321129961
mae_ridge,CH3_1st,10,13,0.41555351050777667
mae_ridge,CH2_1st,10,13,0.44371705749957413
mae_ridge,ArH_combo2,10,13,0.41643554705003594
mae_ridge,CH_combo2,10,13,0.6227697475646892
pls,full,10,14,-73.54346801128295
pls,keep_bigCH,10,14,0.22823985695690918
pls,keep_VIS,10,14,-342.62575749321053
pls,CH3_2nd,10,14,-16.190856972537656
pls,CH2_2nd,10,14,-0.20494436514868797
pls,ArH_2nd,10,14,-0.9658769046799416
pls,CH3_combo,10,14,-1.3288824251931515
pls,CH2_combo,10,14,-0.029052089813652593
pls,=CH_1st,10,14,-3.067963985885382
pls,ArH_1st,10,14,-0.018779399060376623
pls,CH3_1st,10,14,-2.3964105211846136
pls,CH2_1st,10,14,0.1456793702863508
pls,ArH_combo2,10,14,-1.5826340031109978
pls,CH_combo2,10,14,0.6285722559823341
mae_ridge,full,10,14,0.6516878492534981
mae_ridge,keep_bigCH,10,14,0.6128358280698067
mae_ridge,keep_VIS,10,14,-11.251006809056934
mae_ridge,CH3_2nd,10,14,-3.265718759791831
mae_ridge,CH2_2nd,10,14,0.49662379142649293
mae_ridge,ArH_2nd,10,14,0.5317678472166973
mae_ridge,CH3_combo,10,14,0.5178704218956777
mae_ridge,CH2_combo,10,14,0.3555434841935039
mae_ridge,=CH_1st,10,14,0.2575686252081135
mae_ridge,ArH_1st,10,14,0.7639540627872787
mae_ridge,CH3_1st,10,14,0.5915850764064501
mae_ridge,CH2_1st,10,14,0.6903905728946311
mae_ridge,ArH_combo2,10,14,0.6570493727313167
mae_ridge,CH_combo2,10,14,-0.27535415200909896
pls,full,10,15,-2.3181674725650745
pls,keep_bigCH,10,15,0.25943854664202226
pls,keep_VIS,10,15,-3054.811554910341
pls,CH3_2nd,10,15,-2.3259271649116045
pls,CH2_2nd,10,15,0.42726054506199374
pls,ArH_2nd,10,15,-1.2351439802798772
pls,CH3_combo,10,15,-9.442211554586526
pls,CH2_combo,10,15,-2.3398927900911084
pls,=CH_1st,10,15,-20.73797110161359
pls,ArH_1st,10,15,0.6703820774940936
pls,CH3_1st,10,15,0.3525575609209525
pls,CH2_1st,10,15,0.6281235080859517
pls,ArH_combo2,10,15,0.22128736984714237
pls,CH_combo2,10,15,0.4610540828101837
mae_ridge,full,10,15,0.6623847191136283
mae_ridge,keep_bigCH,10,15,0.5804721935874488
mae_ridge,keep_VIS,10,15,0.3469130484285379
mae_ridge,CH3_2nd,10,15,0.09868587854708377
mae_ridge,CH2_2nd,10,15,0.5422122632288136
mae_ridge,ArH_2nd,10,15,0.38672640413859694
mae_ridge,CH3_combo,10,15,-1.1707215775414141
mae_ridge,CH2_combo,10,15,-0.1586870161435796
mae_ridge,=CH_1st,10,15,-0.15902837626602118
mae_ridge,ArH_1st,10,15,0.6045998259878148
mae_ridge,CH3_1st,10,15,0.3734606310042917
mae_ridge,CH2_1st,10,15,0.46716472470349424
mae_ridge,ArH_combo2,10,15,0.5594466788173761
mae_ridge,CH_combo2,10,15,0.7110832284682649
pls,full,10,16,0.5083647171622251
pls,keep_bigCH,10,16,0.08560485658860628
pls,keep_VIS,10,16,-93.41918581728366
pls,CH3_2nd,10,16,0.2265700565735762
pls,CH2_2nd,10,16,-0.2031428912201878
pls,ArH_2nd,10,16,-8.009135158416239
pls,CH3_combo,10,16,-0.02870261211195335
pls,CH2_combo,10,16,0.324267464175532
pls,=CH_1st,10,16,-0.43016652860719695
pls,ArH_1st,10,16,0.7958346906133433
pls,CH3_1st,10,16,-0.5936599685030055
pls,CH2_1st,10,16,0.6915638828917332
pls,ArH_combo2,10,16,0.6609045336487086
pls,CH_combo2,10,16,0.7501179177324182
mae_ridge,full,10,16,0.30137802872728825
mae_ridge,keep_bigCH,10,16,0.6037469265346406
mae_ridge,keep_VIS,10,16,-0.42933428373475646
mae_ridge,CH3_2nd,10,16,-0.028926806755674495
mae_ridge,CH2_2nd,10,16,-0.10234584967112492
mae_ridge,ArH_2nd,10,16,0.23787280429022462
mae_ridge,CH3_combo,10,16,0.07296208036780405
mae_ridge,CH2_combo,10,16,0.33119714519013066
mae_ridge,=CH_1st,10,16,-0.4256012553584805
mae_ridge,ArH_1st,10,16,0.5771334906296337
mae_ridge,CH3_1st,10,16,0.3969811427626311
mae_ridge,CH2_1st,10,16,0.30397058035708824
mae_ridge,ArH_combo2,10,16,0.2698024471731155
mae_ridge,CH_combo2,10,16,0.549039460341711
pls,full,10,17,-0.136486761127117
pls,keep_bigCH,10,17,-7.326393752883716
pls,keep_VIS,10,17,-14.799715816505632
pls,CH3_2nd,10,17,-1.9008976616330995
pls,CH2_2nd,10,17,-0.7882117838047662
pls,ArH_2nd,10,17,-3.1545412143590514
pls,CH3_combo,10,17,-3.7037263423825957
pls,CH2_combo,10,17,-0.7098912659409882
pls,=CH_1st,10,17,-6.294253749363647
pls,ArH_1st,10,17,0.6854629224915689
pls,CH3_1st,10,17,0.6684469753750213
pls,CH2_1st,10,17,0.707002239312182
pls,ArH_combo2,10,17,0.5435589413685875
pls,CH_combo2,10,17,0.8972523146801118
mae_ridge,full,10,17,0.3394486692846932
mae_ridge,keep_bigCH,10,17,0.6061216060417196
mae_ridge,keep_VIS,10,17,0.24423522085764948
mae_ridge,CH3_2nd,10,17,0.5633636558300026
mae_ridge,CH2_2nd,10,17,0.5914022109288273
mae_ridge,ArH_2nd,10,17,0.581957846432359
mae_ridge,CH3_combo,10,17,0.6859044100741465
mae_ridge,CH2_combo,10,17,0.45658970858919423
mae_ridge,=CH_1st,10,17,-5.28560665350633
mae_ridge,ArH_1st,10,17,0.4778059977100827
mae_ridge,CH3_1st,10,17,0.4017331099709497
mae_ridge,CH2_1st,10,17,0.3554605368996575
mae_ridge,ArH_combo2,10,17,0.3401895026468813
mae_ridge,CH_combo2,10,17,0.557861679168069
pls,full,10,18,-3.1329525159506
pls,keep_bigCH,10,18,0.7622601069645167
pls,keep_VIS,10,18,-587.9058989792475
pls,CH3_2nd,10,18,-0.3625456569725163
pls,CH2_2nd,10,18,-0.24312249327777735
pls,ArH_2nd,10,18,0.5025904488981061
pls,CH3_combo,10,18,0.12638518118680164
pls,CH2_combo,10,18,-0.04054873374016199
pls,=CH_1st,10,18,-0.09785474711872233
pls,ArH_1st,10,18,-2.201216728256861
pls,CH3_1st,10,18,0.7073270467062951
pls,CH2_1st,10,18,0.1546759109939665
pls,ArH_combo2,10,18,0.408494180411197
pls,CH_combo2,10,18,0.4696888183778932
mae_ridge,full,10,18,0.5948996271340334
mae_ridge,keep_bigCH,10,18,0.5514058045559627
mae_ridge,keep_VIS,10,18,-0.4115123571566568
mae_ridge,CH3_2nd,10,18,0.39186372863862495
mae_ridge,CH2_2nd,10,18,0.4621552726011402
mae_ridge,ArH_2nd,10,18,0.4879386747360519
mae_ridge,CH3_combo,10,18,0.42147071127937963
mae_ridge,CH2_combo,10,18,0.21509415569663204
mae_ridge,=CH_1st,10,18,0.41795572018389604
mae_ridge,ArH_1st,10,18,0.7438562822231621
mae_ridge,CH3_1st,10,18,0.6646121357199857
mae_ridge,CH2_1st,10,18,0.6732870279297694
mae_ridge,ArH_combo2,10,18,0.5773230254290382
mae_ridge,CH_combo2,10,18,0.8218728023025684
pls,full,10,19,-4.823882157086286
pls,keep_bigCH,10,19,-0.9992011268281562
pls,keep_VIS,10,19,-440.38568882161735
pls,CH3_2nd,10,19,-0.010845119252061552
pls,CH2_2nd,10,19,-0.07002010061016462
pls,ArH_2nd,10,19,-25.903456701265632
pls,CH3_combo,10,19,-0.58074879028216
pls,CH2_combo,10,19,-0.32052043444161415
pls,=CH_1st,10,19,-0.05146583792989823
pls,ArH_1st,10,19,0.5624175566045148
pls,CH3_1st,10,19,0.7883567501472915
pls,CH2_1st,10,19,0.6627198318125127
pls,ArH_combo2,10,19,0.034719477301573765
pls,CH_combo2,10,19,0.6833141523800806
mae_ridge,full,10,19,0.7205636407390661
mae_ridge,keep_bigCH,10,19,0.5609719537986674
mae_ridge,keep_VIS,10,19,-0.39840138630334465
mae_ridge,CH3_2nd,10,19,0.1938676942178278
mae_ridge,CH2_2nd,10,19,0.4727840153361992
mae_ridge,ArH_2nd,10,19,0.5058819564084529
mae_ridge,CH3_combo,10,19,0.2950724595846992
mae_ridge,CH2_combo,10,19,-0.06298654927159109
mae_ridge,=CH_1st,10,19,0.05583056651747831
mae_ridge,ArH_1st,10,19,0.6004292890894319
mae_ridge,CH3_1st,10,19,0.5744717087251707
mae_ridge,CH2_1st,10,19,-1.1715538220571982
mae_ridge,ArH_combo2,10,19,-1.1470284280275629
mae_ridge,CH_combo2,10,19,0.4077643139312813
pls,full,10,20,-11.471667621792315
pls,keep_bigCH,10,20,-1.0831588203048526
pls,keep_VIS,10,20,-3462.3650965229567
pls,CH3_2nd,10,20,-13.01494582432544
pls,CH2_2nd,10,20,-0.2585525647366469
pls,ArH_2nd,10,20,-11.870828522812193
pls,CH3_combo,10,20,-0.6846215719831577
pls,CH2_combo,10,20,-5.553894765453896
pls,=CH_1st,10,20,-0.5532832619111345
pls,ArH_1st,10,20,0.8549742214031718
pls,CH3_1st,10,20,0.8112046905890735
pls,CH2_1st,10,20,0.5127091519657958
pls,ArH_combo2,10,20,-1.8425035815841535
pls,CH_combo2,10,20,0.2828878182638106
mae_ridge,full,10,20,0.6117600617604906
mae_ridge,keep_bigCH,10,20,0.1268943660734534
mae_ridge,keep_VIS,10,20,0.016917893086256797
mae_ridge,CH3_2nd,10,20,0.3280180899719799
mae_ridge,CH2_2nd,10,20,0.348593313255503
mae_ridge,ArH_2nd,10,20,0.3536817287065446
mae_ridge,CH3_combo,10,20,0.3145671337385626
mae_ridge,CH2_combo,10,20,0.2834584390738758
mae_ridge,=CH_1st,10,20,0.07882314961795955
mae_ridge,ArH_1st,10,20,0.37468573170118724
mae_ridge,CH3_1st,10,20,0.5895622582929279
mae_ridge,CH2_1st,10,20,0.5018763449957955
mae_ridge,ArH_combo2,10,20,0.5482111939071379
mae_ridge,CH_combo2,10,20,0.6318569038731574
pls,full,10,21,-4.6330484603076645
pls,keep_bigCH,10,21,-3.0846662556305073
pls,keep_VIS,10,21,-3191.307257445848
pls,CH3_2nd,10,21,-2.9890238696933875
pls,CH2_2nd,10,21,-1.321453158501964
pls,ArH_2nd,10,21,-430.2484182780089
pls,CH3_combo,10,21,0.10796232089229274
pls,CH2_combo,10,21,-0.059455560188353074
pls,=CH_1st,10,21,-1.2687830351494442
pls,ArH_1st,10,21,-2.2028953310299175
pls,CH3_1st,10,21,-0.12935580336248576
pls,CH2_1st,10,21,0.9084612892347212
pls,ArH_combo2,10,21,-0.5336724879356385
pls,CH_combo2,10,21,0.9519706406089555
mae_ridge,full,10,21,0.5978269766904756
mae_ridge,keep_bigCH,10,21,0.47097289244528506
mae_ridge,keep_VIS,10,21,-0.6284209818439119
mae_ridge,CH3_2nd,10,21,0.18361043408466826
mae_ridge,CH2_2nd,10,21,0.39274460871737893
mae_ridge,ArH_2nd,10,21,0.4270252872165692
mae_ridge,CH3_combo,10,21,0.3758581742767073
mae_ridge,CH2_combo,10,21,0.2360954978024511
mae_ridge,=CH_1st,10,21,0.0841391764099636
mae_ridge,ArH_1st,10,21,0.45352940626198257
mae_ridge,CH3_1st,10,21,0.34746757249169824
mae_ridge,CH2_1st,10,21,0.5551334833164245
mae_ridge,ArH_combo2,10,21,0.5717990809441131
mae_ridge,CH_combo2,10,21,0.743286813866909
pls,full,10,22,-0.7912153591910598
pls,keep_bigCH,10,22,-2.507988355857034
pls,keep_VIS,10,22,-1746.8101205686894
pls,CH3_2nd,10,22,-0.8007975346737042
pls,CH2_2nd,10,22,0.2665080026018637
pls,ArH_2nd,10,22,-0.15053701489986526
pls,CH3_combo,10,22,0.31403237747901747
pls,CH2_combo,10,22,-1.1903012433920113
pls,=CH_1st,10,22,-16.61970955671441
pls,ArH_1st,10,22,0.7656525343273624
pls,CH3_1st,10,22,0.5189131803308644
pls,CH2_1st,10,22,0.2922776306724163
pls,ArH_combo2,10,22,0.6053066834006914
pls,CH_combo2,10,22,0.8108371051984375
mae_ridge,full,10,22,0.7442140037952132
mae_ridge,keep_bigCH,10,22,0.7076623691882012
mae_ridge,keep_VIS,10,22,0.3510841824630987
mae_ridge,CH3_2nd,10,22,0.42518750794947124
mae_ridge,CH2_2nd,10,22,0.4795623826233558
mae_ridge,ArH_2nd,10,22,0.6269816795390839
mae_ridge,CH3_combo,10,22,0.44062977644021784
mae_ridge,CH2_combo,10,22,-0.41890034016627187
mae_ridge,=CH_1st,10,22,-0.419352621302445
mae_ridge,ArH_1st,10,22,0.7029586448378385
mae_ridge,CH3_1st,10,22,0.5201501691851216
mae_ridge,CH2_1st,10,22,0.5430739400502547
mae_ridge,ArH_combo2,10,22,0.511098858856873
mae_ridge,CH_combo2,10,22,0.7151113968639942
pls,full,10,23,-2.43981614663658
pls,keep_bigCH,10,23,0.17068894750502495
pls,keep_VIS,10,23,-349.798734941782
pls,CH3_2nd,10,23,-11.190835827064458
pls,CH2_2nd,10,23,-0.6550923755614377
pls,ArH_2nd,10,23,-4.634360434471501
pls,CH3_combo,10,23,-0.22600230663089005
pls,CH2_combo,10,23,0.24403514075151167
pls,=CH_1st,10,23,-51.222043328597906
pls,ArH_1st,10,23,-0.4924399422617678
pls,CH3_1st,10,23,-0.35501220536949485
pls,CH2_1st,10,23,-3.3881899626118477
pls,ArH_combo2,10,23,0.5706734959411065
pls,CH_combo2,10,23,0.5487674735738564
mae_ridge,full,10,23,0.644662817139908
mae_ridge,keep_bigCH,10,23,0.4997014436686442
mae_ridge,keep_VIS,10,23,-0.07963261155954715
mae_ridge,CH3_2nd,10,23,0.3330572105361951
mae_ridge,CH2_2nd,10,23,0.429929415701523
mae_ridge,ArH_2nd,10,23,0.44558846994774126
mae_ridge,CH3_combo,10,23,0.42458857255712634
mae_ridge,CH2_combo,10,23,0.25931680811431423
mae_ridge,=CH_1st,10,23,-0.001153660000033696
mae_ridge,ArH_1st,10,23,0.6819089775889254
mae_ridge,CH3_1st,10,23,0.4525969791431814
mae_ridge,CH2_1st,10,23,0.5678652384956349
mae_ridge,ArH_combo2,10,23,0.5998825053516157
mae_ridge,CH_combo2,10,23,0.6195248100140123
pls,full,10,24,0.3351597375333213
pls,keep_bigCH,10,24,0.7623630707496442
pls,keep_VIS,10,24,-513.689103749705
pls,CH3_2nd,10,24,-2.4936409310117216
pls,CH2_2nd,10,24,0.5189920501198362
pls,ArH_2nd,10,24,-0.869306003716487
pls,CH3_combo,10,24,0.5759745211838343
pls,CH2_combo,10,24,0.6399992762320283
pls,=CH_1st,10,24,-4.787608296802331
pls,ArH_1st,10,24,-0.7109765064141227
pls,CH3_1st,10,24,0.8723751356381381
pls,CH2_1st,10,24,-1.1982539866336603
pls,ArH_combo2,10,24,0.12504143502612952
pls,CH_combo2,10,24,0.7627871939879919
mae_ridge,full,10,24,0.6246068558506168
mae_ridge,keep_bigCH,10,24,0.6695656867736091
mae_ridge,keep_VIS,10,24,-0.10768373790682428
mae_ridge,CH3_2nd,10,24,0.47926674918397083
mae_ridge,CH2_2nd,10,24,0.6011922147114959
mae_ridge,ArH_2nd,10,24,0.6107956342460634
mae_ridge,CH3_combo,10,24,0.5701614808174473
mae_ridge,CH2_combo,10,24,0.4040984765307253
mae_ridge,=CH_1st,10,24,-0.10563234457762771
mae_ridge,ArH_1st,10,24,0.4080567688456792
mae_ridge,CH3_1st,10,24,0.2985380054165615
mae_ridge,CH2_1st,10,24,0.44220415866910123
mae_ridge,ArH_combo2,10,24,0.34026722935982345
mae_ridge,CH_combo2,10,24,0.6455686056380987
pls,full,10,25,-2.3856851094569262
pls,keep_bigCH,10,25,-6.308076936824615
pls,keep_VIS,10,25,-632.9056130263056
pls,CH3_2nd,10,25,-10.713116526548838
pls,CH2_2nd,10,25,-2.8483670174317828
pls,ArH_2nd,10,25,-3.989798661319324
pls,CH3_combo,10,25,-5.992596206489296
pls,CH2_combo,10,25,0.11516560500672901
pls,=CH_1st,10,25,0.6511455425917154
pls,ArH_1st,10,25,0.7014521445998149
pls,CH3_1st,10,25,0.756279967845438
pls,CH2_1st,10,25,-2.127709384908508
pls,ArH_combo2,10,25,0.6461111329388138
pls,CH_combo2,10,25,0.7822143087338891
mae_ridge,full,10,25,0.7452785046799182
mae_ridge,keep_bigCH,10,25,0.5950295500621694
mae_ridge,keep_VIS,10,25,0.4036872084145341
mae_ridge,CH3_2nd,10,25,0.46448266899719737
mae_ridge,CH2_2nd,10,25,0.1557963495614113
mae_ridge,ArH_2nd,10,25,0.5213706682258212
mae_ridge,CH3_combo,10,25,0.4030373679681666
mae_ridge,CH2_combo,10,25,0.3674843952107536
mae_ridge,=CH_1st,10,25,-0.294584759956692
mae_ridge,ArH_1st,10,25,0.639965761520203
mae_ridge,CH3_1st,10,25,0.6388338008874841
mae_ridge,CH2_1st,10,25,0.6008369529012315
mae_ridge,ArH_combo2,10,25,0.5947789684785789
mae_ridge,CH_combo2,10,25,0.7603329647876002
pls,full,10,26,-1.745095737054847
pls,keep_bigCH,10,26,0.6534140434403394
pls,keep_VIS,10,26,-1477.319343505442
pls,CH3_2nd,10,26,-2.471052754711638
pls,CH2_2nd,10,26,-3.4949735631108325
pls,ArH_2nd,10,26,-2.442589259228243
pls,CH3_combo,10,26,-4.595570877678816
pls,CH2_combo,10,26,-0.8608595192037869
pls,=CH_1st,10,26,0.4889751650810191
pls,ArH_1st,10,26,0.8414592506636067
pls,CH3_1st,10,26,0.7685987781888766
pls,CH2_1st,10,26,0.8131278664349846
pls,ArH_combo2,10,26,-0.12998797355136982
pls,CH_combo2,10,26,0.8714569033217241
mae_ridge,full,10,26,0.4945060591891163
mae_ridge,keep_bigCH,10,26,0.3366413605341365
mae_ridge,keep_VIS,10,26,-0.4787127655241421
mae_ridge,CH3_2nd,10,26,0.09428074095804706
mae_ridge,CH2_2nd,10,26,0.2917257796722187
mae_ridge,ArH_2nd,10,26,0.3021806092932394
mae_ridge,CH3_combo,10,26,0.2889855875014582
mae_ridge,CH2_combo,10,26,0.1591905418599523
mae_ridge,=CH_1st,10,26,0.07093850999906204
mae_ridge,ArH_1st,10,26,0.2624490499287033
mae_ridge,CH3_1st,10,26,0.014306275554305747
mae_ridge,CH2_1st,10,26,0.3755161768662053
mae_ridge,ArH_combo2,10,26,0.45591714782205717
mae_ridge,CH_combo2,10,26,0.5712166794291674
pls,full,10,27,-15.9099074049598
pls,keep_bigCH,10,27,-3.6477123298360743
pls,keep_VIS,10,27,-1179.4800499322985
pls,CH3_2nd,10,27,-5.7919128720303386
pls,CH2_2nd,10,27,-0.6927014182285265
pls,ArH_2nd,10,27,-2.5155225304607165
pls,CH3_combo,10,27,-0.2055785495860003
pls,CH2_combo,10,27,-0.4960249071240226
pls,=CH_1st,10,27,-3.662717295204968
pls,ArH_1st,10,27,0.7452225136018775
pls,CH3_1st,10,27,-0.13684738241500272
pls,CH2_1st,10,27,-1.0451805454073049
pls,ArH_combo2,10,27,0.891020683899952
pls,CH_combo2,10,27,-0.24207730478790435
mae_ridge,full,10,27,0.643745604479062
mae_ridge,keep_bigCH,10,27,0.6379681677251288
mae_ridge,keep_VIS,10,27,-0.1878071543164317
mae_ridge,CH3_2nd,10,27,0.3421119013962466
mae_ridge,CH2_2nd,10,27,0.32061601517800276
mae_ridge,ArH_2nd,10,27,0.20719119840432232
mae_ridge,CH3_combo,10,27,0.4822269034589721
mae_ridge,CH2_combo,10,27,0.32558753063530954
mae_ridge,=CH_1st,10,27,-0.10275252528587653
mae_ridge,ArH_1st,10,27,0.6232092324600733
mae_ridge,CH3_1st,10,27,0.282991368285216
mae_ridge,CH2_1st,10,27,0.09436019148854813
mae_ridge,ArH_combo2,10,27,-5.978591158728737
mae_ridge,CH_combo2,10,27,0.03285862799576811
pls,full,10,28,-0.14565224819893086
pls,keep_bigCH,10,28,0.7153449289669804
pls,keep_VIS,10,28,-220.04487904266514
pls,CH3_2nd,10,28,0.13066483311749777
pls,CH2_2nd,10,28,-0.07001506170964045
pls,ArH_2nd,10,28,-0.496204911269267
pls,CH3_combo,10,28,-7.016679605203196
pls,CH2_combo,10,28,0.053243686939030366
pls,=CH_1st,10,28,-0.7351425093549198
pls,ArH_1st,10,28,0.6695349009407046
pls,CH3_1st,10,28,0.47659471328433545
pls,CH2_1st,10,28,0.48352124278570463
pls,ArH_combo2,10,28,-0.8980810149894747
pls,CH_combo2,10,28,0.8990084938674161
mae_ridge,full,10,28,0.6897460038444249
mae_ridge,keep_bigCH,10,28,0.6340026456692193
mae_ridge,keep_VIS,10,28,-0.028081158864592837
mae_ridge,CH3_2nd,10,28,0.3794736403366299
mae_ridge,CH2_2nd,10,28,0.5937212207700037
mae_ridge,ArH_2nd,10,28,0.6047602488968922
mae_ridge,CH3_combo,10,28,0.5829856893624805
mae_ridge,CH2_combo,10,28,0.42166271908264685
mae_ridge,=CH_1st,10,28,-0.026513608456629312
mae_ridge,ArH_1st,10,28,0.5830019445254528
mae_ridge,CH3_1st,10,28,0.4839309377149358
mae_ridge,CH2_1st,10,28,0.4874113254924265
mae_ridge,ArH_combo2,10,28,0.48959863112267143
mae_ridge,CH_combo2,10,28,0.6588354693108176
pls,full,10,29,-16.960079094953134
pls,keep_bigCH,10,29,-0.710630753937117
pls,keep_VIS,10,29,-81.15122330820051
pls,CH3_2nd,10,29,-0.8696790156494512
pls,CH2_2nd,10,29,-1.7836971801001669
pls,ArH_2nd,10,29,-4.3105964593499975
pls,CH3_combo,10,29,-5.133633895081211
pls,CH2_combo,10,29,0.36055426900119203
pls,=CH_1st,10,29,-1.0571895652515617
pls,ArH_1st,10,29,0.7144142098878581
pls,CH3_1st,10,29,-0.513646785837004
pls,CH2_1st,10,29,0.3680756413058428
pls,ArH_combo2,10,29,0.44152287978740057
pls,CH_combo2,10,29,0.5515434215990201
mae_ridge,full,10,29,0.6248422939309368
mae_ridge,keep_bigCH,10,29,0.12084004926182157
mae_ridge,keep_VIS,10,29,0.17526878271777813
mae_ridge,CH3_2nd,10,29,0.39328777183058294
mae_ridge,CH2_2nd,10,29,0.45476907791863164
mae_ridge,ArH_2nd,10,29,0.450407818741278
mae_ridge,CH3_combo,10,29,0.5284350145927743
mae_ridge,CH2_combo,10,29,0.36849979471489247
mae_ridge,=CH_1st,10,29,-0.056683451748673175
mae_ridge,ArH_1st,10,29,0.6056739845219873
mae_ridge,CH3_1st,10,29,0.42732414642172156
mae_ridge,CH2_1st,10,29,0.553075656115553
mae_ridge,ArH_combo2,10,29,0.47281545682519555
mae_ridge,CH_combo2,10,29,0.711207487645271
pls,full,20,0,-4.066883143676204
pls,keep_bigCH,20,0,-0.7959740162223228
pls,keep_VIS,20,0,-4104.979698951471
pls,CH3_2nd,20,0,0.2889918385557876
pls,CH2_2nd,20,0,0.7762890075863644
pls,ArH_2nd,20,0,0.6474947981476281
pls,CH3_combo,20,0,0.6470737507234945
pls,CH2_combo,20,0,0.6730573437320106
pls,=CH_1st,20,0,0.5430526556484934
pls,ArH_1st,20,0,0.8763732644863571
pls,CH3_1st,20,0,0.7202538552643953
pls,CH2_1st,20,0,0.8915081842841428
pls,ArH_combo2,20,0,0.8184920896368311
pls,CH_combo2,20,0,0.6421042790543304
mae_ridge,full,20,0,0.40153195349876203
mae_ridge,keep_bigCH,20,0,0.2080837221668661
mae_ridge,keep_VIS,20,0,-1.084331184455356
mae_ridge,CH3_2nd,20,0,-0.046950167326870185
mae_ridge,CH2_2nd,20,0,0.08053731943215647
mae_ridge,ArH_2nd,20,0,0.1086525703498834
mae_ridge,CH3_combo,20,0,0.5841824811393639
mae_ridge,CH2_combo,20,0,-0.05406672255649725
mae_ridge,=CH_1st,20,0,0.28613742728081093
mae_ridge,ArH_1st,20,0,0.5945312268907513
mae_ridge,CH3_1st,20,0,0.48356368374210346
mae_ridge,CH2_1st,20,0,0.50161437139822
mae_ridge,ArH_combo2,20,0,0.18989635405817828
mae_ridge,CH_combo2,20,0,0.5488308854754149
pls,full,20,1,-14.165769979345598
pls,keep_bigCH,20,1,-0.8492150102423086
pls,keep_VIS,20,1,-986.1456405324277
pls,CH3_2nd,20,1,0.771180232289981
pls,CH2_2nd,20,1,0.4047895207125356
pls,ArH_2nd,20,1,0.1557079109551167
pls,CH3_combo,20,1,0.35972758248226533
pls,CH2_combo,20,1,0.7826281697839671
pls,=CH_1st,20,1,0.7494613880629061
pls,ArH_1st,20,1,0.8305087000146619
pls,CH3_1st,20,1,0.8176465789138111
pls,CH2_1st,20,1,0.7928817038612593
pls,ArH_combo2,20,1,0.6980117028810435
pls,CH_combo2,20,1,0.5695827694754356
mae_ridge,full,20,1,0.7853457827183706
mae_ridge,keep_bigCH,20,1,0.46063566110835186
mae_ridge,keep_VIS,20,1,-3.8019487818060504
mae_ridge,CH3_2nd,20,1,0.319639665990902
mae_ridge,CH2_2nd,20,1,0.3394389543375276
mae_ridge,ArH_2nd,20,1,0.3080822183436701
mae_ridge,CH3_combo,20,1,0.6383638418041628
mae_ridge,CH2_combo,20,1,0.24896237174507352
mae_ridge,=CH_1st,20,1,0.40923985499788695
mae_ridge,ArH_1st,20,1,0.6397711263392627
mae_ridge,CH3_1st,20,1,0.5730044532712792
mae_ridge,CH2_1st,20,1,0.5558758895061029
mae_ridge,ArH_combo2,20,1,0.44705724551183057
mae_ridge,CH_combo2,20,1,0.7014314584254673
pls,full,20,2,-31.5591622099299
pls,keep_bigCH,20,2,0.7130052418512518
pls,keep_VIS,20,2,-5250.584192096844
pls,CH3_2nd,20,2,0.15309698657950332
pls,CH2_2nd,20,2,0.4862308954614918
pls,ArH_2nd,20,2,0.8173654577928109
pls,CH3_combo,20,2,0.8239010887416646
pls,CH2_combo,20,2,-0.10990370837665231
pls,=CH_1st,20,2,0.5950691886841386
pls,ArH_1st,20,2,0.9342667141445242
pls,CH3_1st,20,2,0.7949811728675515
pls,CH2_1st,20,2,0.782204828781285
pls,ArH_combo2,20,2,0.9047923692126192
pls,CH_combo2,20,2,0.8996116662999879
mae_ridge,full,20,2,0.8120219245772986
mae_ridge,keep_bigCH,20,2,0.403137907141373
mae_ridge,keep_VIS,20,2,-0.7676012768690759
mae_ridge,CH3_2nd,20,2,0.1312891806293892
mae_ridge,CH2_2nd,20,2,0.27638034085892627
mae_ridge,ArH_2nd,20,2,0.3662588920945893
mae_ridge,CH3_combo,20,2,0.82263022261977
mae_ridge,CH2_combo,20,2,0.09169325799869765
mae_ridge,=CH_1st,20,2,0.3491257299122882
mae_ridge,ArH_1st,20,2,0.7534573089065654
mae_ridge,CH3_1st,20,2,0.8968498279336297
mae_ridge,CH2_1st,20,2,0.6159165886507858
mae_ridge,ArH_combo2,20,2,0.4821361495484646
mae_ridge,CH_combo2,20,2,0.7219037071909231
pls,full,20,3,-19.79828091213097
pls,keep_bigCH,20,3,0.5764208360777852
pls,keep_VIS,20,3,-2684.310772030319
pls,CH3_2nd,20,3,0.860744473223274
pls,CH2_2nd,20,3,-0.305937840992065
pls,ArH_2nd,20,3,0.7898589927901067
pls,CH3_combo,20,3,0.7943605991451853
pls,CH2_combo,20,3,0.6632500406115245
pls,=CH_1st,20,3,0.7566294087461172
pls,ArH_1st,20,3,0.9342535772665338
pls,CH3_1st,20,3,0.822313536390846
pls,CH2_1st,20,3,0.5105946955768661
pls,ArH_combo2,20,3,0.9153524366134178
pls,CH_combo2,20,3,0.8664136911502213
mae_ridge,full,20,3,0.4228251746861188
mae_ridge,keep_bigCH,20,3,-0.1560209565012025
mae_ridge,keep_VIS,20,3,0.042387360520621975
mae_ridge,CH3_2nd,20,3,0.41274474217964663
mae_ridge,CH2_2nd,20,3,0.4684284530129712
mae_ridge,ArH_2nd,20,3,0.48958613134159956
mae_ridge,CH3_combo,20,3,-0.6654947366098403
mae_ridge,CH2_combo,20,3,0.24464221983608037
mae_ridge,=CH_1st,20,3,-0.15090331836557147
mae_ridge,ArH_1st,20,3,0.6592608336437036
mae_ridge,CH3_1st,20,3,0.5572976193276329
mae_ridge,CH2_1st,20,3,0.5586625050767864
mae_ridge,ArH_combo2,20,3,0.6108971512829653
mae_ridge,CH_combo2,20,3,0.5569261806550605
pls,full,20,4,-3.6224826899461426
pls,keep_bigCH,20,4,-0.0628214782633163
pls,keep_VIS,20,4,-997.385251310274
pls,CH3_2nd,20,4,0.1849581146426421
pls,CH2_2nd,20,4,0.11638029798377614
pls,ArH_2nd,20,4,0.6831854326745659
pls,CH3_combo,20,4,0.7094071855801704
pls,CH2_combo,20,4,0.3513175206409318
pls,=CH_1st,20,4,0.7583434995162645
pls,ArH_1st,20,4,0.9132776530177786
pls,CH3_1st,20,4,0.8563220143717745
pls,CH2_1st,20,4,-0.12897869166698261
pls,ArH_combo2,20,4,0.9025465087162919
pls,CH_combo2,20,4,0.753361368951928
mae_ridge,full,20,4,0.5801530927141241
mae_ridge,keep_bigCH,20,4,-0.6463228243174233
mae_ridge,keep_VIS,20,4,0.011253838993771637
mae_ridge,CH3_2nd,20,4,0.45285587212736544
mae_ridge,CH2_2nd,20,4,0.5106072545774973
mae_ridge,ArH_2nd,20,4,0.6454217422947828
mae_ridge,CH3_combo,20,4,0.5319458084626212
mae_ridge,CH2_combo,20,4,0.37345085459015526
mae_ridge,=CH_1st,20,4,0.36569509278060197
mae_ridge,ArH_1st,20,4,0.7277813193538738
mae_ridge,CH3_1st,20,4,0.6613653469913849
mae_ridge,CH2_1st,20,4,0.6553749139236619
mae_ridge,ArH_combo2,20,4,0.631413177930136
mae_ridge,CH_combo2,20,4,0.8032264577143655
pls,full,20,5,0.9219323817261483
pls,keep_bigCH,20,5,0.9103569734254335
pls,keep_VIS,20,5,0.3278251943868079
pls,CH3_2nd,20,5,0.5630734243058845
pls,CH2_2nd,20,5,0.7030377242904403
pls,ArH_2nd,20,5,0.6685991222642391
pls,CH3_combo,20,5,-0.8805143868575858
pls,CH2_combo,20,5,0.548665001712804
pls,=CH_1st,20,5,0.03532618444830704
pls,ArH_1st,20,5,0.9380066302733908
pls,CH3_1st,20,5,0.815410593586587
pls,CH2_1st,20,5,0.8361728293752885
pls,ArH_combo2,20,5,0.7468766746355617
pls,CH_combo2,20,5,0.8754678051710028
mae_ridge,full,20,5,0.6569366390452189
mae_ridge,keep_bigCH,20,5,0.6338261155912619
mae_ridge,keep_VIS,20,5,0.02542640774540661
mae_ridge,CH3_2nd,20,5,0.571365807700301
mae_ridge,CH2_2nd,20,5,0.5008372280993063
mae_ridge,ArH_2nd,20,5,0.4901617957583525
mae_ridge,CH3_combo,20,5,0.7380703150742576
mae_ridge,CH2_combo,20,5,0.15823241926723253
mae_ridge,=CH_1st,20,5,0.49379423601488703
mae_ridge,ArH_1st,20,5,0.5646219190380528
mae_ridge,CH3_1st,20,5,0.8000919903378179
mae_ridge,CH2_1st,20,5,0.6844312187128778
mae_ridge,ArH_combo2,20,5,0.31172488709257407
mae_ridge,CH_combo2,20,5,0.6218364090791204
pls,full,20,6,0.9180796444609877
pls,keep_bigCH,20,6,0.8170322669870076
pls,keep_VIS,20,6,-2.574389204139125
pls,CH3_2nd,20,6,0.17009343650923892
pls,CH2_2nd,20,6,0.667283509551243
pls,ArH_2nd,20,6,0.5388198562026059
pls,CH3_combo,20,6,-2.8172485157908316
pls,CH2_combo,20,6,-2.8330061680542054
pls,=CH_1st,20,6,0.12723700845489183
pls,ArH_1st,20,6,0.8586256116495485
pls,CH3_1st,20,6,0.5661310731524926
pls,CH2_1st,20,6,0.5581052127371885
pls,ArH_combo2,20,6,0.7116612005333363
pls,CH_combo2,20,6,0.8510131476248536
mae_ridge,full,20,6,0.5329835107802849
mae_ridge,keep_bigCH,20,6,0.4300557506071988
mae_ridge,keep_VIS,20,6,-0.09539302536066563
mae_ridge,CH3_2nd,20,6,0.41556317188673675
mae_ridge,CH2_2nd,20,6,0.1580934158816406
mae_ridge,ArH_2nd,20,6,0.3166894323975388
mae_ridge,CH3_combo,20,6,0.6065304855409032
mae_ridge,CH2_combo,20,6,-0.2189758509265498
mae_ridge,=CH_1st,20,6,-0.876127275475507
mae_ridge,ArH_1st,20,6,0.37574217299305224
mae_ridge,CH3_1st,20,6,0.6619099290888779
mae_ridge,CH2_1st,20,6,0.413814088948967
mae_ridge,ArH_combo2,20,6,0.09156467073845265
mae_ridge,CH_combo2,20,6,0.4179228520644621
pls,full,20,7,0.9074984140519019
pls,keep_bigCH,20,7,0.8825950666162691
pls,keep_VIS,20,7,-0.410176272850453
pls,CH3_2nd,20,7,-0.0968026056069271
pls,CH2_2nd,20,7,0.3290205938682822
pls,ArH_2nd,20,7,0.5781167420631977
pls,CH3_combo,20,7,0.12432659405526947
pls,CH2_combo,20,7,-2.6270457763615913
pls,=CH_1st,20,7,0.2829357292488165
pls,ArH_1st,20,7,0.900272434363156
pls,CH3_1st,20,7,0.8278512538648131
pls,CH2_1st,20,7,0.8270139593966446
pls,ArH_combo2,20,7,0.7168295254478667
pls,CH_combo2,20,7,0.6947167073609427
mae_ridge,full,20,7,0.7193090900811686
mae_ridge,keep_bigCH,20,7,0.5778572674931608
mae_ridge,keep_VIS,20,7,-0.03555766879756472
mae_ridge,CH3_2nd,20,7,0.29163988426897525
mae_ridge,CH2_2nd,20,7,0.485489435105933
mae_ridge,ArH_2nd,20,7,0.3692149516079184
mae_ridge,CH3_combo,20,7,0.6953910398707965
mae_ridge,CH2_combo,20,7,0.43898024793913637
mae_ridge,=CH_1st,20,7,0.6292520413524083
mae_ridge,ArH_1st,20,7,0.4904995524094071
mae_ridge,CH3_1st,20,7,0.730652670425932
mae_ridge,CH2_1st,20,7,0.6965293116578792
mae_ridge,ArH_combo2,20,7,0.34314890926791664
mae_ridge,CH_combo2,20,7,0.6364629078163444
pls,full,20,8,0.7471690765950956
pls,keep_bigCH,20,8,-0.79731661428288
pls,keep_VIS,20,8,-2416.9247287792773
pls,CH3_2nd,20,8,0.5952187145170713
pls,CH2_2nd,20,8,0.8417064902010514
pls,ArH_2nd,20,8,0.7039282477457038
pls,CH3_combo,20,8,0.764646914924491
pls,CH2_combo,20,8,0.47779015358688137
pls,=CH_1st,20,8,0.8160135279103694
pls,ArH_1st,20,8,0.9515603848435714
pls,CH3_1st,20,8,0.8963548433652789
pls,CH2_1st,20,8,0.9047365875682387
pls,ArH_combo2,20,8,0.9001814664053195
pls,CH_combo2,20,8,0.9338039762683021
mae_ridge,full,20,8,0.7615924414456039
mae_ridge,keep_bigCH,20,8,0.5524988021866806
mae_ridge,keep_VIS,20,8,-1.541132424876828
mae_ridge,CH3_2nd,20,8,0.6398761800735007
mae_ridge,CH2_2nd,20,8,0.3945486422658676
mae_ridge,ArH_2nd,20,8,0.42880702368321755
mae_ridge,CH3_combo,20,8,0.7519901734597605
mae_ridge,CH2_combo,20,8,0.2622945593053868
mae_ridge,=CH_1st,20,8,0.04602353915248525
mae_ridge,ArH_1st,20,8,0.6245198549219209
mae_ridge,CH3_1st,20,8,0.8068452991909872
mae_ridge,CH2_1st,20,8,0.7359462804791348
mae_ridge,ArH_combo2,20,8,0.6560221328369218
mae_ridge,CH_combo2,20,8,0.8140822525683844
pls,full,20,9,-31.544725739667292
pls,keep_bigCH,20,9,0.01577414166900437
pls,keep_VIS,20,9,-4087.96520608618
pls,CH3_2nd,20,9,-4.8161298151944685
pls,CH2_2nd,20,9,0.7853941866113853
pls,ArH_2nd,20,9,-1.0086891018734012
pls,CH3_combo,20,9,-0.7171955162153771
pls,CH2_combo,20,9,-2.033342365822463
pls,=CH_1st,20,9,0.39778561537250545
pls,ArH_1st,20,9,0.7714713832293381
pls,CH3_1st,20,9,0.6662524304580056
pls,CH2_1st,20,9,0.6746324939245264
pls,ArH_combo2,20,9,0.7561577080426362
pls,CH_combo2,20,9,0.6643977810278043
mae_ridge,full,20,9,0.7082961665892479
mae_ridge,keep_bigCH,20,9,0.5567567323065923
mae_ridge,keep_VIS,20,9,-0.4431275841064335
mae_ridge,CH3_2nd,20,9,0.4653167945133799
mae_ridge,CH2_2nd,20,9,0.4469714745863379
mae_ridge,ArH_2nd,20,9,0.5679516264534514
mae_ridge,CH3_combo,20,9,0.7222640102270106
mae_ridge,CH2_combo,20,9,0.21694813739287055
mae_ridge,=CH_1st,20,9,-0.067802220454795
mae_ridge,ArH_1st,20,9,0.5916290303292859
mae_ridge,CH3_1st,20,9,-1.0476798018415185
mae_ridge,CH2_1st,20,9,-1.5606039173356283
mae_ridge,ArH_combo2,20,9,0.7431338201051068
mae_ridge,CH_combo2,20,9,0.7392772867114725
pls,full,20,10,-3.1881383402333014
pls,keep_bigCH,20,10,0.610697606900084
pls,keep_VIS,20,10,-1403.0045273911337
pls,CH3_2nd,20,10,0.5738711424070531
pls,CH2_2nd,20,10,0.7661107583522712
pls,ArH_2nd,20,10,-0.8167026123744732
pls,CH3_combo,20,10,0.2860458802572604
pls,CH2_combo,20,10,0.7671322397746697
pls,=CH_1st,20,10,0.2440860858309537
pls,ArH_1st,20,10,0.9530786032973897
pls,CH3_1st,20,10,0.866032593649005
pls,CH2_1st,20,10,0.8035253672695499
pls,ArH_combo2,20,10,0.805616129736142
pls,CH_combo2,20,10,0.8874058919784051
mae_ridge,full,20,10,0.7215230482070167
mae_ridge,keep_bigCH,20,10,0.555752642277415
mae_ridge,keep_VIS,20,10,0.3190156354629152
mae_ridge,CH3_2nd,20,10,0.38939445478872103
mae_ridge,CH2_2nd,20,10,-0.21113274965529216
mae_ridge,ArH_2nd,20,10,0.360621852252323
mae_ridge,CH3_combo,20,10,0.8283965933155468
mae_ridge,CH2_combo,20,10,0.5131295301052952
mae_ridge,=CH_1st,20,10,-0.11523806602386943
mae_ridge,ArH_1st,20,10,0.5992084944966771
mae_ridge,CH3_1st,20,10,0.4797641497834697
mae_ridge,CH2_1st,20,10,0.3924020269890107
mae_ridge,ArH_combo2,20,10,0.631291479351495
mae_ridge,CH_combo2,20,10,0.7403968968725179
pls,full,20,11,-2.717453773511609
pls,keep_bigCH,20,11,0.30924896458450213
pls,keep_VIS,20,11,-3392.769943301853
pls,CH3_2nd,20,11,-0.9346965504621187
pls,CH2_2nd,20,11,0.4082700398268094
pls,ArH_2nd,20,11,0.4378138815496211
pls,CH3_combo,20,11,-0.11674551741492989
pls,CH2_combo,20,11,0.3735875075417414
pls,=CH_1st,20,11,-3.436365515024586
pls,ArH_1st,20,11,0.7985319893500533
pls,CH3_1st,20,11,0.7665057567224318
pls,CH2_1st,20,11,0.7133331401820857
pls,ArH_combo2,20,11,0.8814983910451217
pls,CH_combo2,20,11,0.7710280783324115
mae_ridge,full,20,11,0.6691045602833219
mae_ridge,keep_bigCH,20,11,0.5308104735292472
mae_ridge,keep_VIS,20,11,-4.989124308369979
mae_ridge,CH3_2nd,20,11,0.4810417234799669
mae_ridge,CH2_2nd,20,11,0.47393890310660425
mae_ridge,ArH_2nd,20,11,0.5750224792363059
mae_ridge,CH3_combo,20,11,0.8388817046677608
mae_ridge,CH2_combo,20,11,0.19136258601263634
mae_ridge,=CH_1st,20,11,0.2990465780471825
mae_ridge,ArH_1st,20,11,0.605683799262205
mae_ridge,CH3_1st,20,11,0.6082576489367474
mae_ridge,CH2_1st,20,11,-0.22039149518820156
mae_ridge,ArH_combo2,20,11,0.4943866941080277
mae_ridge,CH_combo2,20,11,0.5936365996612403
pls,full,20,12,-4.500785014947004
pls,keep_bigCH,20,12,0.42427823599162906
pls,keep_VIS,20,12,-3660.931010012015
pls,CH3_2nd,20,12,-1.4968715028444621
pls,CH2_2nd,20,12,-1.5244506542060918
pls,ArH_2nd,20,12,-0.2740196331573901
pls,CH3_combo,20,12,0.4466350912329542
pls,CH2_combo,20,12,0.4637293300259626
pls,=CH_1st,20,12,0.5922450513861983
pls,ArH_1st,20,12,0.9115909917414958
pls,CH3_1st,20,12,0.7369448623653971
pls,CH2_1st,20,12,0.7505525244476656
pls,ArH_combo2,20,12,0.862941779573751
pls,CH_combo2,20,12,0.8958372302209405
mae_ridge,full,20,12,0.5785116184349108
mae_ridge,keep_bigCH,20,12,-0.0623669349760958
mae_ridge,keep_VIS,20,12,-0.05677287246515039
mae_ridge,CH3_2nd,20,12,-0.26821094175023075
mae_ridge,CH2_2nd,20,12,0.5192253760638461
mae_ridge,ArH_2nd,20,12,-1.6944637773121296
mae_ridge,CH3_combo,20,12,0.37230899147900687
mae_ridge,CH2_combo,20,12,-0.3322837551732083
mae_ridge,=CH_1st,20,12,-4.157041132719073
mae_ridge,ArH_1st,20,12,0.5437913354264325
mae_ridge,CH3_1st,20,12,0.5396279462141187
mae_ridge,CH2_1st,20,12,0.47868366868027445
mae_ridge,ArH_combo2,20,12,0.6810653790974984
mae_ridge,CH_combo2,20,12,0.6731228962846711
pls,full,20,13,0.8669396949681716
pls,keep_bigCH,20,13,-4.418461103226168
pls,keep_VIS,20,13,-3.6741479161453006
pls,CH3_2nd,20,13,0.49473783686143336
pls,CH2_2nd,20,13,0.6731097686189482
pls,ArH_2nd,20,13,0.3684556384359221
pls,CH3_combo,20,13,0.5230841654665097
pls,CH2_combo,20,13,0.34383175327200255
pls,=CH_1st,20,13,-0.17531380694712917
pls,ArH_1st,20,13,0.8920297677561726
pls,CH3_1st,20,13,0.7942079584572388
pls,CH2_1st,20,13,0.846216092242662
pls,ArH_combo2,20,13,0.5984855579696624
pls,CH_combo2,20,13,0.882841946529787
mae_ridge,full,20,13,0.47630356642487226
mae_ridge,keep_bigCH,20,13,0.3716580757756037
mae_ridge,keep_VIS,20,13,-0.044338166672636126
mae_ridge,CH3_2nd,20,13,0.21442990138995166
mae_ridge,CH2_2nd,20,13,0.17625578323968183
mae_ridge,ArH_2nd,20,13,0.06929431590969415
mae_ridge,CH3_combo,20,13,0.4815242200865265
mae_ridge,CH2_combo,20,13,-0.0337273968829388
mae_ridge,=CH_1st,20,13,-1.4625646921408353
mae_ridge,ArH_1st,20,13,0.16036577187961343
mae_ridge,CH3_1st,20,13,0.6193327404909483
mae_ridge,CH2_1st,20,13,0.22550026059929906
mae_ridge,ArH_combo2,20,13,0.09498230524568463
mae_ridge,CH_combo2,20,13,0.49448899466122176
pls,full,20,14,0.6563858531345572
pls,keep_bigCH,20,14,0.9024927898917091
pls,keep_VIS,20,14,-2.2209329129008744
pls,CH3_2nd,20,14,-0.10293164830819856
pls,CH2_2nd,20,14,0.34482023647420756
pls,ArH_2nd,20,14,0.4630476044996229
pls,CH3_combo,20,14,0.7983822509546793
pls,CH2_combo,20,14,0.2633805116590815
pls,=CH_1st,20,14,0.729662860032166
pls,ArH_1st,20,14,0.9557394212536712
pls,CH3_1st,20,14,0.7685940478938971
pls,CH2_1st,20,14,0.7818856619029384
pls,ArH_combo2,20,14,0.8425151649801493
pls,CH_combo2,20,14,0.9240311573030782
mae_ridge,full,20,14,0.6844050811032006
mae_ridge,keep_bigCH,20,14,0.5268708662294769
mae_ridge,keep_VIS,20,14,0.38082380930112647
mae_ridge,CH3_2nd,20,14,-1.4567863013652742
mae_ridge,CH2_2nd,20,14,0.5041036088972828
mae_ridge,ArH_2nd,20,14,0.4591271986432046
mae_ridge,CH3_combo,20,14,0.626541788076383
mae_ridge,CH2_combo,20,14,0.37902176282640665
mae_ridge,=CH_1st,20,14,0.02231207344743913
mae_ridge,ArH_1st,20,14,0.6337903493373762
mae_ridge,CH3_1st,20,14,0.5730574053917585
mae_ridge,CH2_1st,20,14,0.6673155517361611
mae_ridge,ArH_combo2,20,14,0.5912374338412029
mae_ridge,CH_combo2,20,14,0.6507939146676215
pls,full,20,15,0.867952572122116
pls,keep_bigCH,20,15,-0.7741053950979451
pls,keep_VIS,20,15,-9.509366586378048
pls,CH3_2nd,20,15,0.6271295682667946
pls,CH2_2nd,20,15,0.481965764136962
pls,ArH_2nd,20,15,0.662122443021896
pls,CH3_combo,20,15,-0.42380489348869754
pls,CH2_combo,20,15,0.49396597301529377
pls,=CH_1st,20,15,-0.29567803286742955
pls,ArH_1st,20,15,0.8238106687972442
pls,CH3_1st,20,15,0.792869041984729
pls,CH2_1st,20,15,0.8622943033987338
pls,ArH_combo2,20,15,0.833248734178917
pls,CH_combo2,20,15,0.9053620991787824
mae_ridge,full,20,15,0.7078879550526536
mae_ridge,keep_bigCH,20,15,0.33034071062514037
mae_ridge,keep_VIS,20,15,-0.198420260067794
mae_ridge,CH3_2nd,20,15,0.3383222825726606
mae_ridge,CH2_2nd,20,15,0.44470330681530146
mae_ridge,ArH_2nd,20,15,0.3420842887333715
mae_ridge,CH3_combo,20,15,0.6561259237252044
mae_ridge,CH2_combo,20,15,0.6436426003476152
mae_ridge,=CH_1st,20,15,-1.3374589205289635
mae_ridge,ArH_1st,20,15,0.5147109374801847
mae_ridge,CH3_1st,20,15,0.6917967344632088
mae_ridge,CH2_1st,20,15,0.3380955872561616
mae_ridge,ArH_combo2,20,15,0.22933740325422103
mae_ridge,CH_combo2,20,15,0.636383933848073
pls,full,20,16,0.8172570871518398
pls,keep_bigCH,20,16,0.5148646548250925
pls,keep_VIS,20,16,-1.5812541323849323
pls,CH3_2nd,20,16,-1.001802382511301
pls,CH2_2nd,20,16,0.456207354534349
pls,ArH_2nd,20,16,0.6323857972511824
pls,CH3_combo,20,16,0.3236809551918065
pls,CH2_combo,20,16,-0.20130319898775073
pls,=CH_1st,20,16,0.7424225967587149
pls,ArH_1st,20,16,0.8867390364801577
pls,CH3_1st,20,16,0.35242253618125274
pls,CH2_1st,20,16,0.8757115898971881
pls,ArH_combo2,20,16,0.7434791093531207
pls,CH_combo2,20,16,0.902082494076458
mae_ridge,full,20,16,0.6495716187451209
mae_ridge,keep_bigCH,20,16,0.49063638948144783
mae_ridge,keep_VIS,20,16,0.2511068835246417
mae_ridge,CH3_2nd,20,16,0.39862627076842994
mae_ridge,CH2_2nd,20,16,0.4407377636960712
mae_ridge,ArH_2nd,20,16,0.34952761977480495
mae_ridge,CH3_combo,20,16,0.429106854161451
mae_ridge,CH2_combo,20,16,0.12043060546961004
mae_ridge,=CH_1st,20,16,0.05528940630521595
mae_ridge,ArH_1st,20,16,0.6154526849806166
mae_ridge,CH3_1st,20,16,0.8207934425462855
mae_ridge,CH2_1st,20,16,0.48811941507838486
mae_ridge,ArH_combo2,20,16,0.36428429693185804
mae_ridge,CH_combo2,20,16,0.6724872717111107
pls,full,20,17,0.743184669899231
pls,keep_bigCH,20,17,0.8343339010528199
pls,keep_VIS,20,17,-13263.84921283117
pls,CH3_2nd,20,17,0.28481880666780435
pls,CH2_2nd,20,17,-2.4454625767997005
pls,ArH_2nd,20,17,0.6633415125059354
pls,CH3_combo,20,17,0.19392283406938193
pls,CH2_combo,20,17,-0.43234644893448015
pls,=CH_1st,20,17,0.08072612375701571
pls,ArH_1st,20,17,0.7657028686253458
pls,CH3_1st,20,17,0.8149091050123517
pls,CH2_1st,20,17,0.9271478632730004
pls,ArH_combo2,20,17,0.9277827448108598
pls,CH_combo2,20,17,0.92595852816765
mae_ridge,full,20,17,0.7538653092683234
mae_ridge,keep_bigCH,20,17,0.5951398877054181
mae_ridge,keep_VIS,20,17,0.2127361262426113
mae_ridge,CH3_2nd,20,17,0.48098983739891044
mae_ridge,CH2_2nd,20,17,0.5290844086488764
mae_ridge,ArH_2nd,20,17,0.4809044657306535
mae_ridge,CH3_combo,20,17,0.7905253609165925
mae_ridge,CH2_combo,20,17,0.47878734534755396
mae_ridge,=CH_1st,20,17,0.3753443447974717
mae_ridge,ArH_1st,20,17,0.7258970345420028
mae_ridge,CH3_1st,20,17,0.5639041808187426
mae_ridge,CH2_1st,20,17,0.5562886642880915
mae_ridge,ArH_combo2,20,17,0.6072061111328577
mae_ridge,CH_combo2,20,17,0.7208478996359755
pls,full,20,18,-17.693966138413007
pls,keep_bigCH,20,18,-0.2301351990817686
pls,keep_VIS,20,18,-4959.683795315605
pls,CH3_2nd,20,18,0.28603939733340855
pls,CH2_2nd,20,18,0.7732484775351331
pls,ArH_2nd,20,18,0.7553792524879939
pls,CH3_combo,20,18,-1.802608038899847
pls,CH2_combo,20,18,-0.11764704928930692
pls,=CH_1st,20,18,0.1817280754618268
pls,ArH_1st,20,18,0.7004325466932955
pls,CH3_1st,20,18,0.6921874120390511
pls,CH2_1st,20,18,0.9061279433645719
pls,ArH_combo2,20,18,0.9315125934218839
pls,CH_combo2,20,18,0.27790845996871083
mae_ridge,full,20,18,-0.9096225190309559
mae_ridge,keep_bigCH,20,18,0.6093631007031504
mae_ridge,keep_VIS,20,18,-0.4857507798078966
mae_ridge,CH3_2nd,20,18,0.4732569232335089
mae_ridge,CH2_2nd,20,18,0.5034589769563451
mae_ridge,ArH_2nd,20,18,0.6131714354798367
mae_ridge,CH3_combo,20,18,0.7890728305461144
mae_ridge,CH2_combo,20,18,0.2912782475908712
mae_ridge,=CH_1st,20,18,-0.03667872171272313
mae_ridge,ArH_1st,20,18,0.6150679733446565
mae_ridge,CH3_1st,20,18,-0.6334662815869196
mae_ridge,CH2_1st,20,18,-1.44637825962897
mae_ridge,ArH_combo2,20,18,0.723132114255417
mae_ridge,CH_combo2,20,18,0.7572946038420526
pls,full,20,19,0.8135622754696237
pls,keep_bigCH,20,19,0.8096418137416038
pls,keep_VIS,20,19,-5.6909896145456145
pls,CH3_2nd,20,19,-0.783623404923149
pls,CH2_2nd,20,19,0.3655677228494377
pls,ArH_2nd,20,19,0.28772254925357943
pls,CH3_combo,20,19,0.2581823596387389
pls,CH2_combo,20,19,-1.4016163405788076
pls,=CH_1st,20,19,-0.14040291208878575
pls,ArH_1st,20,19,0.8786122577218843
pls,CH3_1st,20,19,0.7977109772693114
pls,CH2_1st,20,19,0.7553472782048379
pls,ArH_combo2,20,19,0.6505889260889297
pls,CH_combo2,20,19,0.4816866251509666
mae_ridge,full,20,19,0.7720156273068304
mae_ridge,keep_bigCH,20,19,0.6528435994207671
mae_ridge,keep_VIS,20,19,0.07878635342595397
mae_ridge,CH3_2nd,20,19,0.6684299131331396
mae_ridge,CH2_2nd,20,19,0.512970534895105
mae_ridge,ArH_2nd,20,19,0.5219221386699128
mae_ridge,CH3_combo,20,19,0.8026052412851036
mae_ridge,CH2_combo,20,19,0.3118593038057256
mae_ridge,=CH_1st,20,19,0.12359542732056095
mae_ridge,ArH_1st,20,19,0.35104567226822625
mae_ridge,CH3_1st,20,19,0.7822950310930659
mae_ridge,CH2_1st,20,19,0.6230681496681716
mae_ridge,ArH_combo2,20,19,0.43475319094586506
mae_ridge,CH_combo2,20,19,0.639244473637782
pls,full,20,20,-3.801247138754773
pls,keep_bigCH,20,20,0.8805423760834826
pls,keep_VIS,20,20,-7717.683969180785
pls,CH3_2nd,20,20,-3.6728651711069693
pls,CH2_2nd,20,20,-0.5258080935564731
pls,ArH_2nd,20,20,0.3632085698579257
pls,CH3_combo,20,20,0.5377684997630621
pls,CH2_combo,20,20,-1.0404187603965083
pls,=CH_1st,20,20,-0.061489999179212385
pls,ArH_1st,20,20,0.710761705608806
pls,CH3_1st,20,20,0.8811440100559443
pls,CH2_1st,20,20,0.8592975937392926
pls,ArH_combo2,20,20,0.8463800608783154
pls,CH_combo2,20,20,0.6260683995587115
mae_ridge,full,20,20,-0.5149300190418558
mae_ridge,keep_bigCH,20,20,0.22053257978033747
mae_ridge,keep_VIS,20,20,-0.31555398861895534
mae_ridge,CH3_2nd,20,20,0.4344756831859692
mae_ridge,CH2_2nd,20,20,0.4896922545607634
mae_ridge,ArH_2nd,20,20,0.5458753940951027
mae_ridge,CH3_combo,20,20,0.7542851599710222
mae_ridge,CH2_combo,20,20,0.29487484049323387
mae_ridge,=CH_1st,20,20,-0.31598360685374804
mae_ridge,ArH_1st,20,20,-0.17613990542866897
mae_ridge,CH3_1st,20,20,-0.4744476272706091
mae_ridge,CH2_1st,20,20,-0.3205742698880045
mae_ridge,ArH_combo2,20,20,0.7192374387462617
mae_ridge,CH_combo2,20,20,0.371086305709617
pls,full,20,21,0.9209664446893604
pls,keep_bigCH,20,21,0.8735434508823314
pls,keep_VIS,20,21,-0.24141246315940923
pls,CH3_2nd,20,21,0.12433687230220691
pls,CH2_2nd,20,21,0.7307206949925156
pls,ArH_2nd,20,21,0.3583817615452326
pls,CH3_combo,20,21,0.6427182117810872
pls,CH2_combo,20,21,0.5760808650029043
pls,=CH_1st,20,21,0.5021476809128902
pls,ArH_1st,20,21,0.9535524791901512
pls,CH3_1st,20,21,0.8241507138725991
pls,CH2_1st,20,21,0.7470508271513051
pls,ArH_combo2,20,21,0.751868632123204
pls,CH_combo2,20,21,0.8049585042358497
mae_ridge,full,20,21,0.5747010730834704
mae_ridge,keep_bigCH,20,21,0.3860324308104205
mae_ridge,keep_VIS,20,21,0.17304073951567778
mae_ridge,CH3_2nd,20,21,0.11629947847793798
mae_ridge,CH2_2nd,20,21,0.12978688815793604
mae_ridge,ArH_2nd,20,21,0.22293671678114768
mae_ridge,CH3_combo,20,21,0.6376359712251388
mae_ridge,CH2_combo,20,21,0.26659215551423043
mae_ridge,=CH_1st,20,21,0.5811526719540644
mae_ridge,ArH_1st,20,21,0.48318038514710604
mae_ridge,CH3_1st,20,21,0.7617764094479362
mae_ridge,CH2_1st,20,21,0.5990587577371012
mae_ridge,ArH_combo2,20,21,0.4095733909265712
mae_ridge,CH_combo2,20,21,0.5993273660635734
pls,full,20,22,0.5955957829709302
pls,keep_bigCH,20,22,0.7173047789284146
pls,keep_VIS,20,22,-4.864864735261183
pls,CH3_2nd,20,22,0.693258517817809
pls,CH2_2nd,20,22,0.0701946996215953
pls,ArH_2nd,20,22,0.626226842199987
pls,CH3_combo,20,22,0.5564296539624163
pls,CH2_combo,20,22,0.5513444156842787
pls,=CH_1st,20,22,0.6230452194370961
pls,ArH_1st,20,22,0.9240229013174898
pls,CH3_1st,20,22,0.8162652723412538
pls,CH2_1st,20,22,0.771152739766958
pls,ArH_combo2,20,22,0.7611713386670738
pls,CH_combo2,20,22,0.9070322182415427
mae_ridge,full,20,22,0.5095625791895744
mae_ridge,keep_bigCH,20,22,0.6466718194566468
mae_ridge,keep_VIS,20,22,-0.001113628727324345
mae_ridge,CH3_2nd,20,22,0.554990845410734
mae_ridge,CH2_2nd,20,22,0.6243966113177704
mae_ridge,ArH_2nd,20,22,0.41458127148904145
mae_ridge,CH3_combo,20,22,0.7351629715306499
mae_ridge,CH2_combo,20,22,0.4929845652992071
mae_ridge,=CH_1st,20,22,0.13594422210330925
mae_ridge,ArH_1st,20,22,0.4664267335195834
mae_ridge,CH3_1st,20,22,0.7325924982800542
mae_ridge,CH2_1st,20,22,0.4133294165096917
mae_ridge,ArH_combo2,20,22,0.6034556582478681
mae_ridge,CH_combo2,20,22,0.7782950171256185
pls,full,20,23,-8.87415223249243
pls,keep_bigCH,20,23,0.1576702068049649
pls,keep_VIS,20,23,-7557.661407260503
pls,CH3_2nd,20,23,-1.0221436317606756
pls,CH2_2nd,20,23,0.8607134150765038
pls,ArH_2nd,20,23,0.804481295142387
pls,CH3_combo,20,23,-0.5763045143401575
pls,CH2_combo,20,23,0.6100212240876461
pls,=CH_1st,20,23,0.41264590686749303
pls,ArH_1st,20,23,0.9633940507718128
pls,CH3_1st,20,23,0.8513465882156444
pls,CH2_1st,20,23,0.9046941396138467
pls,ArH_combo2,20,23,0.7740681072022471
pls,CH_combo2,20,23,0.2680852101266966
mae_ridge,full,20,23,-0.2312870715077575
mae_ridge,keep_bigCH,20,23,0.5272094236947171
mae_ridge,keep_VIS,20,23,-3.4311906998862307
mae_ridge,CH3_2nd,20,23,0.2913150005426396
mae_ridge,CH2_2nd,20,23,0.38689111353990546
mae_ridge,ArH_2nd,20,23,0.4541534732727207
mae_ridge,CH3_combo,20,23,0.8372496378397843
mae_ridge,CH2_combo,20,23,0.21950498474369828
mae_ridge,=CH_1st,20,23,0.25843578062520434
mae_ridge,ArH_1st,20,23,0.7833872222894247
mae_ridge,CH3_1st,20,23,0.8714170390891867
mae_ridge,CH2_1st,20,23,0.555788779310798
mae_ridge,ArH_combo2,20,23,0.6503243785288161
mae_ridge,CH_combo2,20,23,0.8278738665766597
pls,full,20,24,0.915794541852921
pls,keep_bigCH,20,24,0.8718274745250072
pls,keep_VIS,20,24,-112.55094380460986
pls,CH3_2nd,20,24,0.7985789602103659
pls,CH2_2nd,20,24,0.8681553783953015
pls,ArH_2nd,20,24,0.7305819131725191
pls,CH3_combo,20,24,0.5003360138127066
pls,CH2_combo,20,24,0.8168339738283972
pls,=CH_1st,20,24,0.6926183913453066
pls,ArH_1st,20,24,0.9378842835446423
pls,CH3_1st,20,24,0.9185935480318469
pls,CH2_1st,20,24,0.8739561777537527
pls,ArH_combo2,20,24,0.8981588686823176
pls,CH_combo2,20,24,0.9468460776606912
mae_ridge,full,20,24,0.7866126439220644
mae_ridge,keep_bigCH,20,24,0.7080889757688237
mae_ridge,keep_VIS,20,24,0.19371909014963595
mae_ridge,CH3_2nd,20,24,0.5209015103462349
mae_ridge,CH2_2nd,20,24,0.6107130077583826
mae_ridge,ArH_2nd,20,24,0.6068434035697677
mae_ridge,CH3_combo,20,24,0.6512835807334709
mae_ridge,CH2_combo,20,24,0.4542378092725784
mae_ridge,=CH_1st,20,24,-0.011313490784784275
mae_ridge,ArH_1st,20,24,0.7355795095264149
mae_ridge,CH3_1st,20,24,0.5965643925702178
mae_ridge,CH2_1st,20,24,0.6432816332290311
mae_ridge,ArH_combo2,20,24,0.5175858153901091
mae_ridge,CH_combo2,20,24,0.725106861810316
pls,full,20,25,0.7841969063999743
pls,keep_bigCH,20,25,0.6534121425386668
pls,keep_VIS,20,25,-1.7150873006641634
pls,CH3_2nd,20,25,-0.5880497484503442
pls,CH2_2nd,20,25,0.6120323967242158
pls,ArH_2nd,20,25,0.6691728467789465
pls,CH3_combo,20,25,-0.2782085917358441
pls,CH2_combo,20,25,0.0045823587583117
pls,=CH_1st,20,25,0.4581101805008998
pls,ArH_1st,20,25,0.7991314226934916
pls,CH3_1st,20,25,0.6162163528361209
pls,CH2_1st,20,25,0.8876180705809431
pls,ArH_combo2,20,25,0.6598998505974291
pls,CH_combo2,20,25,0.9106379074787477
mae_ridge,full,20,25,0.7725726380025124
mae_ridge,keep_bigCH,20,25,0.5138570840127382
mae_ridge,keep_VIS,20,25,-9.258486735408411e-05
mae_ridge,CH3_2nd,20,25,0.5564371291402055
mae_ridge,CH2_2nd,20,25,0.5870400725036651
mae_ridge,ArH_2nd,20,25,0.5902013014135941
mae_ridge,CH3_combo,20,25,0.8169786931849082
mae_ridge,CH2_combo,20,25,0.6349041129985904
mae_ridge,=CH_1st,20,25,-1.533877569270094
mae_ridge,ArH_1st,20,25,0.6725155355895067
mae_ridge,CH3_1st,20,25,0.5834694808193481
mae_ridge,CH2_1st,20,25,0.5748223219474222
mae_ridge,ArH_combo2,20,25,0.6532019771011048
mae_ridge,CH_combo2,20,25,0.5980394811510337
pls,full,20,26,-11.421864681278397
pls,keep_bigCH,20,26,-0.3364467261461985
pls,keep_VIS,20,26,-6316.091647054576
pls,CH3_2nd,20,26,-0.36801838141805754
pls,CH2_2nd,20,26,0.08286654927174053
pls,ArH_2nd,20,26,-0.6156653657643794
pls,CH3_combo,20,26,-0.2714524028210079
pls,CH2_combo,20,26,-1.0170099091900755
pls,=CH_1st,20,26,0.6320279970303189
pls,ArH_1st,20,26,0.9564013464240467
pls,CH3_1st,20,26,0.7905131135562923
pls,CH2_1st,20,26,0.7618392290055358
pls,ArH_combo2,20,26,0.8531196172691557
pls,CH_combo2,20,26,0.8830590324852643
mae_ridge,full,20,26,0.2057071092992413
mae_ridge,keep_bigCH,20,26,0.5595469452458256
mae_ridge,keep_VIS,20,26,-0.17579375847727552
mae_ridge,CH3_2nd,20,26,0.3865629879275494
mae_ridge,CH2_2nd,20,26,0.43102984562665203
mae_ridge,ArH_2nd,20,26,0.5105365537952005
mae_ridge,CH3_combo,20,26,0.81095781831778
mae_ridge,CH2_combo,20,26,0.13068036581334685
mae_ridge,=CH_1st,20,26,-0.12631847821617148
mae_ridge,ArH_1st,20,26,0.7968715940582007
mae_ridge,CH3_1st,20,26,0.573814026267391
mae_ridge,CH2_1st,20,26,0.6129402934327737
mae_ridge,ArH_combo2,20,26,0.7122775711166685
mae_ridge,CH_combo2,20,26,0.2571287495622727
pls,full,20,27,-63.690733633529945
pls,keep_bigCH,20,27,0.5001432663442409
pls,keep_VIS,20,27,-9074.685844160458
pls,CH3_2nd,20,27,0.318184756516937
pls,CH2_2nd,20,27,0.811158454447126
pls,ArH_2nd,20,27,0.8343883223998485
pls,CH3_combo,20,27,0.323700812819141
pls,CH2_combo,20,27,0.42651938381407484
pls,=CH_1st,20,27,0.05788980754585227
pls,ArH_1st,20,27,0.9456490910487019
pls,CH3_1st,20,27,0.7997780891521026
pls,CH2_1st,20,27,0.8809524959355977
pls,ArH_combo2,20,27,0.8951894716469558
pls,CH_combo2,20,27,0.8355379853575837
mae_ridge,full,20,27,0.722865442901746
mae_ridge,keep_bigCH,20,27,0.5432755352098232
mae_ridge,keep_VIS,20,27,-0.3294655412639378
mae_ridge,CH3_2nd,20,27,0.3991635245981461
mae_ridge,CH2_2nd,20,27,0.4190430262073135
mae_ridge,ArH_2nd,20,27,0.5331285246348564
mae_ridge,CH3_combo,20,27,0.7892699549021522
mae_ridge,CH2_combo,20,27,0.18730607553756407
mae_ridge,=CH_1st,20,27,-0.07635602734774616
mae_ridge,ArH_1st,20,27,0.7313941957248303
mae_ridge,CH3_1st,20,27,0.8539716024664235
mae_ridge,CH2_1st,20,27,0.594869350332345
mae_ridge,ArH_combo2,20,27,0.5881922175877419
mae_ridge,CH_combo2,20,27,0.7459305487943868
pls,full,20,28,0.8237406454370807
pls,keep_bigCH,20,28,0.8185419520443936
pls,keep_VIS,20,28,-1355.5488616663395
pls,CH3_2nd,20,28,0.18660910180059298
pls,CH2_2nd,20,28,0.4226758056497476
pls,ArH_2nd,20,28,0.6170980157687291
pls,CH3_combo,20,28,0.6895146422776381
pls,CH2_combo,20,28,0.8050991001128032
pls,=CH_1st,20,28,0.7603776274630845
pls,ArH_1st,20,28,0.9536439117596242
pls,CH3_1st,20,28,0.8289792278680014
pls,CH2_1st,20,28,0.7642556515180066
pls,ArH_combo2,20,28,0.8210447890162198
pls,CH_combo2,20,28,0.808264647066355
mae_ridge,full,20,28,0.5727415125539461
mae_ridge,keep_bigCH,20,28,0.3459236787966844
mae_ridge,keep_VIS,20,28,-3.021905310413623
mae_ridge,CH3_2nd,20,28,0.21233109711382403
mae_ridge,CH2_2nd,20,28,0.24263445011550777
mae_ridge,ArH_2nd,20,28,0.43916944007473335
mae_ridge,CH3_combo,20,28,0.6927973010662767
mae_ridge,CH2_combo,20,28,0.03757791504986252
mae_ridge,=CH_1st,20,28,0.2922491616649747
mae_ridge,ArH_1st,20,28,0.3955020003384234
mae_ridge,CH3_1st,20,28,0.36548724949927613
mae_ridge,CH2_1st,20,28,-0.5924164780597247
mae_ridge,ArH_combo2,20,28,0.3867756600178619
mae_ridge,CH_combo2,20,28,0.5357046784648158
pls,full,20,29,-0.8956263014653176
pls,keep_bigCH,20,29,0.530981919093753
pls,keep_VIS,20,29,-1449.6370291117653
pls,CH3_2nd,20,29,0.32532692800269025
pls,CH2_2nd,20,29,0.7265662746616064
pls,ArH_2nd,20,29,-0.25787904568850006
pls,CH3_combo,20,29,0.2971391531432659
pls,CH2_combo,20,29,0.319369956270118
pls,=CH_1st,20,29,-0.7526962574366507
pls,ArH_1st,20,29,0.8462604474519463
pls,CH3_1st,20,29,0.8241947205698313
pls,CH2_1st,20,29,0.835544302195518
pls,ArH_combo2,20,29,0.6939210017249338
pls,CH_combo2,20,29,0.39539170192924844
mae_ridge,full,20,29,0.5103233782305522
mae_ridge,keep_bigCH,20,29,0.178529791611579
mae_ridge,keep_VIS,20,29,-0.16981478734464495
mae_ridge,CH3_2nd,20,29,0.30745010081343505
mae_ridge,CH2_2nd,20,29,0.48384843684202494
mae_ridge,ArH_2nd,20,29,0.32027463561223546
mae_ridge,CH3_combo,20,29,0.6502802244536441
mae_ridge,CH2_combo,20,29,-0.05120336915295365
mae_ridge,=CH_1st,20,29,-1.7335601016287492
mae_ridge,ArH_1st,20,29,0.5642309662581958
mae_ridge,CH3_1st,20,29,0.27182436140467214
mae_ridge,CH2_1st,20,29,0.5136730471192572
mae_ridge,ArH_combo2,20,29,0.5793642643436641
mae_ridge,CH_combo2,20,29,0.825514592925184
