task,route,init,source,shot,rep,r2,rmse,rpd
diesel-VISC,fomaml,mae,multi,5,0,-11.732461573861977,1.8642659597043392,0.2806088188799632
diesel-VISC,fomaml,mae,multi,5,1,-10.790605751731423,1.8092908623000081,0.291601292015033
diesel-VISC,fomaml,mae,multi,5,2,-8.581443197034949,1.6249942571673703,0.3234759807059875
diesel-VISC,fomaml,mae,multi,5,3,-1.1395848657947933,0.7668603720573401,0.6845304067619548
diesel-VISC,fomaml,mae,multi,5,4,-5.573048433214111,1.3496507123430448,0.39054770193107213
diesel-VISC,fomaml,mae,multi,5,5,-7.674750325768164,1.548066265208106,0.3399609317774476
diesel-VISC,fomaml,mae,multi,5,6,-1.659533754707688,0.8650726532553171,0.6139807421705454
diesel-VISC,fomaml,mae,multi,5,7,-8.960169871959971,1.6598629446041266,0.3172664361031923
diesel-VISC,fomaml,mae,multi,5,8,-4.374918568331346,1.2276959074118796,0.4318884186952614
diesel-VISC,fomaml,mae,multi,5,9,-5.3802571956786105,1.3270034808082602,0.3964043483755504
diesel-VISC,fomaml,mae,multi,10,0,-3.0854512738812776,1.0595795864566642,0.4953871476034809
diesel-VISC,fomaml,mae,multi,10,1,-1.0870035698408183,0.7677235390296188,0.6931115829101275
diesel-VISC,fomaml,mae,multi,10,2,-0.859959497680757,0.7248917316149164,0.734197681947514
diesel-VISC,fomaml,mae,multi,10,3,-7.23914467474969,1.5050353377194683,0.3488379198769776
diesel-VISC,fomaml,mae,multi,10,4,-1.0836176654065146,0.7652096447854241,0.6936745117516827
diesel-VISC,fomaml,mae,multi,10,5,-2.927268061719029,1.044232661816443,0.505265307446066
diesel-VISC,fomaml,mae,multi,10,6,-7.005259229676101,1.477870736728725,0.3538971397151938
diesel-VISC,fomaml,mae,multi,10,7,-3.965373558651601,1.1788175235934488,0.4493541831061502
diesel-VISC,fomaml,mae,multi,10,8,-1.3742838860224809,0.8045151798183943,0.6498280144075946
diesel-VISC,fomaml,mae,multi,10,9,-2.246565476682941,0.9473401322862985,0.5557157037309787
diesel-VISC,fomaml,mae,multi,20,0,-1.5687046204813342,0.853657692619241,0.6247737140784123
diesel-VISC,fomaml,mae,multi,20,1,-0.04492407223566652,0.5418174208131915,0.9795744874999182
diesel-VISC,fomaml,mae,multi,20,2,-1.0868424735587343,0.7597109645909015,0.6931624037364525
diesel-VISC,fomaml,mae,multi,20,3,-0.41359460865414577,0.6369578696704811,0.8422041802533635
diesel-VISC,fomaml,mae,multi,20,4,-1.2366249134140626,0.7891918801861181,0.6695503689622843
diesel-VISC,fomaml,mae,multi,20,5,-1.1960544787658938,0.784902359914641,0.6757067819954535
diesel-VISC,fomaml,mae,multi,20,6,-2.2365433539389965,0.9420330892141181,0.5565947663446517
diesel-VISC,fomaml,mae,multi,20,7,-3.651710093830598,1.1063195718359236,0.46427309050038545
diesel-VISC,fomaml,mae,multi,20,8,-0.5730643421981019,0.6539927006865762,0.7983743754259061
diesel-VISC,fomaml,mae,multi,20,9,-0.9795536165050489,0.739264115242921,0.7116987420107413
