task,shot,rep,r2,rmse,rpd,secs
diesel-BP50,5,0,-2.608334236954055,38.754176407305735,0.5271134807814296,5.01
diesel-BP50,5,1,-0.4676322456621511,25.199998953519035,0.8265114611520712,6.88
diesel-BP50,5,2,-0.24151715896385761,22.918281697524495,0.8986304689746759,6.96
diesel-BP50,5,3,-0.6854408831535299,26.88517709430735,0.7712598804420245,6.16
diesel-BP50,5,4,-0.3019192019822392,23.711965228368364,0.8775371005093697,5.66
diesel-BP50,5,5,-0.655850698199528,26.473628465501093,0.7781206037450117,5.43
diesel-BP50,5,6,-0.037153805310550236,21.175493900657237,0.9831865308203733,7.53
diesel-BP50,5,7,-1.9768511312629262,35.69042340037766,0.5803352416988079,10.75
diesel-BP50,5,8,-13.369418081151057,78.17453704961049,0.26414227403909807,5.03
diesel-BP50,5,9,-0.5343976400528663,25.68552204660532,0.8083297107724763,5.64
diesel-BP50,10,0,0.10655174432953163,19.46640133606303,1.0593270201594422,5.31
diesel-BP50,10,1,0.23731070900353401,18.18670610911169,1.1465445343018563,5.23
diesel-BP50,10,2,0.09648193347442424,19.845079488066673,1.0534073203975378,5.49
diesel-BP50,10,3,0.555213964898329,13.716254504689596,1.5013750032716202,7.78
diesel-BP50,10,4,-0.3183089646437043,23.90756537966579,0.872079645111886,6.79
diesel-BP50,10,5,0.3452123286809885,16.818339689100053,1.2374125196408117,7.02
diesel-BP50,10,6,0.40726259202881854,15.881398383326953,1.3005695575127456,6.81
diesel-BP50,10,7,0.23339672766653552,17.994792873929388,1.143613881204304,5.39
diesel-BP50,10,8,-0.186094642784969,22.4198651534637,0.9194012299470505,6.97
diesel-BP50,10,9,0.3929417906847069,16.01729344302493,1.285137464313493,7.92
diesel-BP50,20,0,0.22702231742841306,18.474152428063928,1.1389282234073403,5.94
diesel-BP50,20,1,0.4285502125594607,15.89596177172134,1.324618435263424,4.98
diesel-BP50,20,2,0.526586673745175,14.300681582846275,1.455323671291247,5.1
diesel-BP50,20,3,0.4425599289658916,15.71490893417311,1.3411604584291887,5.14
diesel-BP50,20,4,0.5651991011498144,13.664237529550807,1.5185693013757342,5.27
diesel-BP50,20,5,0.6399406770734692,12.32039429727441,1.6687558551731647,4.99
diesel-BP50,20,6,0.528316378387782,14.151716494856352,1.4579896283504266,5.16
diesel-BP50,20,7,0.6860138308965319,11.519334896770765,1.787000087282874,5.16
diesel-BP50,20,8,0.11510039374772008,19.725833038226618,1.064468543172463,5.24
diesel-BP50,20,9,0.3454073909520049,16.941369929814435,1.2376398487455849,5.19
