task,model,shot,rep,r2,rmse,rpd
evoo-adulteration,simclr_cont60_ridge,5,0,-0.200996823037078,24.10987877391004,0.9127213665358936
evoo-adulteration,simclr_cont60_ridge,5,1,-0.0010500386058047706,22.008549302896313,0.9997266129588915
evoo-adulteration,simclr_cont60_ridge,5,2,-4.931582521228267,53.56939594443658,0.4106992012941331
evoo-adulteration,simclr_cont60_ridge,5,3,-0.23574093414052033,24.4603640261014,0.8997988424792753
evoo-adulteration,simclr_cont60_ridge,5,4,-0.2807209641007158,24.894996258637658,0.8838567589582181
evoo-adulteration,simclr_cont60_ridge,5,5,-0.7081598049903799,28.748765187333582,0.7653232331642436
evoo-adulteration,simclr_cont60_ridge,5,6,-0.1977347238498941,24.077738307890513,0.9139634458766629
evoo-adulteration,simclr_cont60_ridge,5,7,-0.3454088627909524,25.52190250766894,0.8623468961017149
evoo-adulteration,simclr_cont60_ridge,5,8,-1.4167200773966542,34.06693911947953,0.6434220967534637
evoo-adulteration,simclr_cont60_ridge,5,9,-1.3897038784646027,33.99318687348716,0.64704889880283
evoo-adulteration,simclr_cont60_ridge,5,10,-0.335443327697605,25.421618871914735,0.865558479568889
evoo-adulteration,simclr_cont60_ridge,5,11,-0.4491027862204735,26.484209439273787,0.830920647579085
evoo-adulteration,simclr_cont60_ridge,5,12,-0.04666652729406806,22.512664980604477,0.9776985675297993
evoo-adulteration,simclr_cont60_ridge,5,13,-0.6771419982021067,28.483282427477604,0.772367923867604
evoo-adulteration,simclr_cont60_ridge,5,14,-9.346756240172848,70.74599052018624,0.31096179733817714
evoo-adulteration,simclr_cont60_ridge,5,15,0.07330143709478865,21.176493576415332,1.0390582665650696
evoo-adulteration,simclr_cont60_ridge,5,16,-0.09561033262180785,23.01229505634644,0.9556108826959318
evoo-adulteration,simclr_cont60_ridge,5,17,-0.2420156356962726,24.517259453396967,0.8975230586617993
evoo-adulteration,simclr_cont60_ridge,5,18,0.019498925468577677,21.786274751929497,1.010148235751621
evoo-adulteration,simclr_cont60_ridge,5,19,-0.6877647664360933,28.4689750667667,0.769933450639247
evoo-adulteration,simclr_cont60_ridge,5,20,-0.048322099527845275,22.519859270200953,0.9769262427956167
evoo-adulteration,simclr_cont60_ridge,5,21,0.003705519346396402,21.957400504798887,1.0021097427094574
evoo-adulteration,simclr_cont60_ridge,5,22,-0.008935202639497763,22.089694488642568,0.9958123522234744
evoo-adulteration,simclr_cont60_ridge,5,23,-0.29741185888218147,25.048675176663743,0.8781530519454853
evoo-adulteration,simclr_cont60_ridge,5,24,-1.1133178786604931,31.974275688610252,0.6880606685004688
evoo-adulteration,simclr_cont60_ridge,5,25,0.016685392778828967,21.80724992508392,1.0087020449944892
evoo-adulteration,simclr_cont60_ridge,5,26,0.015182939986083444,21.83122346333017,1.0079323052450266
evoo-adulteration,simclr_cont60_ridge,5,27,-1.0275105805111262,31.203370223959773,0.7024696768619276
evoo-adulteration,simclr_cont60_ridge,5,28,-1.347703405390492,33.70925182654652,0.6528111021069334
evoo-adulteration,simclr_cont60_ridge,5,29,-7.557725535912372,63.91026351582583,0.341924302622132
evoo-adulteration,simclr_cont60_ridge,10,0,0.004253684019918658,21.957494977394237,1.0023861733647013
evoo-adulteration,simclr_cont60_ridge,10,1,-0.06252102770452672,22.696028446078746,0.9703773586874245
evoo-adulteration,simclr_cont60_ridge,10,2,-0.003241630018685271,22.0489777407018,0.9986346918890214
evoo-adulteration,simclr_cont60_ridge,10,3,0.0018758973896855213,21.98578882555384,1.0011914914451954
evoo-adulteration,simclr_cont60_ridge,10,4,-2.959433149342276,43.772240521947445,0.5026815137808871
evoo-adulteration,simclr_cont60_ridge,10,5,-0.8595479393898924,29.900619865281108,0.7335094817327074
evoo-adulteration,simclr_cont60_ridge,10,6,-1.5892944059607585,35.4159674636343,0.6216110200304815
evoo-adulteration,simclr_cont60_ridge,10,7,0.09052505559386048,20.99877771972461,1.0488516171763302
evoo-adulteration,simclr_cont60_ridge,10,8,-0.00033199738929656775,21.936664513150458,1.0000859851895718
evoo-adulteration,simclr_cont60_ridge,10,9,-0.21181707616640133,24.228942392659782,0.9086379837216666
evoo-adulteration,simclr_cont60_ridge,10,10,-1.663853656172459,35.817846904147586,0.6128500705900198
evoo-adulteration,simclr_cont60_ridge,10,11,-0.1025495387864106,23.033497005988508,0.9525995361021192
evoo-adulteration,simclr_cont60_ridge,10,12,-0.014037941816453792,22.16900664942709,0.993304308132335
evoo-adulteration,simclr_cont60_ridge,10,13,-4.248873885465022,50.28797790965288,0.436592582102441
evoo-adulteration,simclr_cont60_ridge,10,14,-0.10261608928504584,23.036930674660898,0.952570787686706
evoo-adulteration,simclr_cont60_ridge,10,15,-0.4194169748170935,26.227944896952796,0.8395651913929018
evoo-adulteration,simclr_cont60_ridge,10,16,-0.12045205559994931,23.146926464909306,0.9449586020198006
evoo-adulteration,simclr_cont60_ridge,10,17,-6.374710158095937,59.580557636580004,0.3683298731925179
evoo-adulteration,simclr_cont60_ridge,10,18,0.18295936740990348,19.81994221836038,1.1065921729236814
evoo-adulteration,simclr_cont60_ridge,10,19,-1.405429912599149,34.01467668231223,0.6449307256343133
evoo-adulteration,simclr_cont60_ridge,10,20,0.002146369504720358,21.998279118480557,1.0013271706793483
evoo-adulteration,simclr_cont60_ridge,10,21,-0.08563688822842819,22.932045908175944,0.9599909212168917
evoo-adulteration,simclr_cont60_ridge,10,22,-0.1402598028937434,23.521542854217717,0.9367150852504573
evoo-adulteration,simclr_cont60_ridge,10,23,-0.24523826254235592,24.477582263972888,0.8963614969709023
evoo-adulteration,simclr_cont60_ridge,10,24,-1.008737138876561,30.98206203730306,0.7057450927520589
evoo-adulteration,simclr_cont60_ridge,10,25,-0.05861067562735256,22.64907191143738,0.9721679222852561
evoo-adulteration,simclr_cont60_ridge,10,26,-0.011253167976681855,22.055509267493015,0.9946710411260785
evoo-adulteration,simclr_cont60_ridge,10,27,-0.08861678398083894,22.807951330363828,0.9586761182297603
evoo-adulteration,simclr_cont60_ridge,10,28,-0.02918101407355822,22.329530549165444,0.9859696316905706
evoo-adulteration,simclr_cont60_ridge,10,29,-0.03544998463528759,22.319044326273044,0.9829804006251388
evoo-adulteration,simclr_cont60_ridge,20,0,-0.5264107682217352,27.1567312816524,0.8096070200315802
evoo-adulteration,simclr_cont60_ridge,20,1,-1.4865972113997792,34.628776170709806,0.6343183200985617
evoo-adulteration,simclr_cont60_ridge,20,2,-1.934116807417655,37.51116392327898,0.5839441019205162
evoo-adulteration,simclr_cont60_ridge,20,3,-0.21523951015307174,24.30365833426837,0.9073587576940023
evoo-adulteration,simclr_cont60_ridge,20,4,0.02013369199100723,21.666261785893877,1.0104773037384216
evoo-adulteration,simclr_cont60_ridge,20,5,-0.19376979650798343,24.08897376105777,0.9154817318098027
evoo-adulteration,simclr_cont60_ridge,20,6,-0.03272372741642737,22.40062450106169,0.9842782720665653
evoo-adulteration,simclr_cont60_ridge,20,7,-1.7801509949959944,36.73386927257716,0.5998957482279148
evoo-adulteration,simclr_cont60_ridge,20,8,-0.8639787524977982,30.112387753649934,0.7326380951987866
evoo-adulteration,simclr_cont60_ridge,20,9,0.11898439373640879,20.622189101227104,1.0656587985935704
evoo-adulteration,simclr_cont60_ridge,20,10,-0.23609683219141653,24.511377306445034,0.8996710154150659
evoo-adulteration,simclr_cont60_ridge,20,11,0.06339353098362788,21.337587717621457,1.0335497809687426
evoo-adulteration,simclr_cont60_ridge,20,12,-0.12357587316578256,23.353511208451856,0.9436452830437034
evoo-adulteration,simclr_cont60_ridge,20,13,-0.6886394810251066,28.642697204421005,0.7697354818031842
evoo-adulteration,simclr_cont60_ridge,20,14,-1.6691484547146729,36.00338724525046,0.6122426937328365
evoo-adulteration,simclr_cont60_ridge,20,15,-0.17667555695483994,23.759417334954943,0.9221076177216193
evoo-adulteration,simclr_cont60_ridge,20,16,0.21845035904733368,19.413913457772768,1.1314404259456707
evoo-adulteration,simclr_cont60_ridge,20,17,-0.20837018686212927,24.237890466907317,0.9099341719066973
evoo-adulteration,simclr_cont60_ridge,20,18,-0.16103109176177632,23.752105735521223,0.9282993594641954
evoo-adulteration,simclr_cont60_ridge,20,19,-0.06979355782769359,22.72755731736358,0.9670746219900931
evoo-adulteration,simclr_cont60_ridge,20,20,-0.02114175251944772,22.273268666058236,0.989844464686074
evoo-adulteration,simclr_cont60_ridge,20,21,-0.001620168013528156,22.059275456575023,0.9994439548427227
evoo-adulteration,simclr_cont60_ridge,20,22,-3.9360936758727023,48.81802278081903,0.4502132571993977
evoo-adulteration,simclr_cont60_ridge,20,23,-2.2891174990136784,39.96536516420404,0.5515314492205836
evoo-adulteration,simclr_cont60_ridge,20,24,-1.498037191173911,34.69818486593582,0.6328641952556667
evoo-adulteration,simclr_cont60_ridge,20,25,0.23527712855098482,19.22546879492196,1.143820658744308
evoo-adulteration,simclr_cont60_ridge,20,26,-13.306630457535304,83.14157470393094,0.26444861456569163
evoo-adulteration,simclr_cont60_ridge,20,27,-0.23671792796238278,24.506394452723864,0.8994450738220822
evoo-adulteration,simclr_cont60_ridge,20,28,0.1648137003366721,20.00668234451846,1.094506373854822
evoo-adulteration,simclr_cont60_ridge,20,29,0.13769093786475894,20.386276424850017,1.077155741588814
