task,encoder,shot,rep,r2,rmse,lam
diesel-TOTAL,mae_s1500_l111_p1,5,0,0.7492618229261474,3.3601788297443185,0.00015848931924611142
diesel-TOTAL,mae_s1500_l111_p1,5,1,-5.339808617761603,17.048775032496184,0.00039810717055349735
diesel-TOTAL,mae_s1500_l111_p1,5,2,0.5320869435989481,4.613832926162201,10.0
diesel-TOTAL,mae_s1500_l111_p1,5,3,0.45861461054689556,4.964896860836321,0.1
diesel-TOTAL,mae_s1500_l111_p1,5,4,0.7719435068181005,3.213793490923288,3.9810717055349776
diesel-TOTAL,mae_s1500_l111_p1,5,5,0.46981691051203345,4.912231346792492,0.25118864315095824
diesel-TOTAL,mae_s1500_l111_p1,5,6,0.6771163144466967,3.8553270934933463,0.1
diesel-TOTAL,mae_s1500_l111_p1,5,7,0.7219170482958892,3.531078359560343,10.0
diesel-TOTAL,mae_s1500_l111_p1,5,8,0.7758125649137804,3.191041202147621,10.0
diesel-TOTAL,mae_s1500_l111_p1,5,9,0.6716670727823377,3.8719903097826127,6.309573444801943
diesel-TOTAL,mae_s1500_l111_p1,10,0,0.781974446599776,3.1613488850645193,0.25118864315095824
diesel-TOTAL,mae_s1500_l111_p1,10,1,0.6077088344449775,4.2504575585309805,2.5118864315095824
diesel-TOTAL,mae_s1500_l111_p1,10,2,0.20649949773262488,6.043640136571949,0.00015848931924611142
diesel-TOTAL,mae_s1500_l111_p1,10,3,0.7144549068159229,3.627810513329924,0.025118864315095822
diesel-TOTAL,mae_s1500_l111_p1,10,4,0.7377996394242883,3.4313416449881897,0.0001
diesel-TOTAL,mae_s1500_l111_p1,10,5,0.7673216810796953,3.2380446984916014,0.6309573444801936
diesel-TOTAL,mae_s1500_l111_p1,10,6,0.6649263181882776,3.9263897757408097,10.0
diesel-TOTAL,mae_s1500_l111_p1,10,7,0.6173716267340246,4.204617556627271,2.5118864315095824
diesel-TOTAL,mae_s1500_l111_p1,10,8,0.7926130988559981,3.047310321002488,10.0
diesel-TOTAL,mae_s1500_l111_p1,10,9,0.6508935090614739,3.9166820529840756,6.309573444801943
diesel-TOTAL,mae_s1500_l111_p1,20,0,0.4451548272055791,5.042930642492504,0.025118864315095822
diesel-TOTAL,mae_s1500_l111_p1,20,1,0.8668098041308939,2.426962758620575,0.15848931924611143
diesel-TOTAL,mae_s1500_l111_p1,20,2,0.8526764755052176,2.5956529215345245,1.0
diesel-TOTAL,mae_s1500_l111_p1,20,3,0.8096770481263817,2.991279374591683,1.584893192461114
diesel-TOTAL,mae_s1500_l111_p1,20,4,0.7964263704710304,3.0351318880286406,0.25118864315095824
diesel-TOTAL,mae_s1500_l111_p1,20,5,0.8211256362580788,2.841173908251618,0.15848931924611143
diesel-TOTAL,mae_s1500_l111_p1,20,6,0.8256160678321889,2.764529236462955,3.9810717055349776
diesel-TOTAL,mae_s1500_l111_p1,20,7,0.8099719167327563,2.907039722390623,3.9810717055349776
diesel-TOTAL,mae_s1500_l111_p1,20,8,0.8042121554598196,2.958716083599394,1.584893192461114
diesel-TOTAL,mae_s1500_l111_p1,20,9,0.8418374637179178,2.6771825247599366,0.15848931924611143
