task,tag,shot,rep,r2,rmse,rpd
diesel-CN,anilpi__add_la1.0__mae__multi,5,0,-0.0597424914138347,3.6343291831574964,0.9726982052001092
diesel-CN,anilpi__add_la1.0__mae__multi,5,1,-0.13117052065001733,3.7535205742992415,0.9414868302086312
diesel-CN,anilpi__add_la1.0__mae__multi,5,2,-0.19135600905245376,3.8416657165375008,0.9173974080138
diesel-CN,anilpi__add_la1.0__mae__multi,5,3,0.30497445442115945,2.9201062189825593,1.2010965096848367
diesel-CN,anilpi__add_la1.0__mae__multi,5,4,0.2219613012753341,3.1052680061539313,1.1352138713441722
diesel-CN,anilpi__add_la1.0__mae__multi,5,5,-0.3894614682053028,4.110203618685013,0.8494836702331264
diesel-CN,anilpi__add_la1.0__mae__multi,5,6,-0.33197843260757764,4.035541743913632,0.867620274846083
diesel-CN,anilpi__add_la1.0__mae__multi,5,7,0.04385648315880675,3.452604679083376,1.0240395881771833
diesel-CN,anilpi__add_la1.0__mae__multi,5,8,-3.302692561912826,7.3139642171291985,0.48273426956877946
diesel-CN,anilpi__add_la1.0__mae__multi,5,9,-0.3937023966368478,4.1714287174500395,0.8481902290209409
diesel-CN,anilpi__add_la1.0__mae__multi,10,0,-0.5120417408186753,4.301679662454866,0.8143370654382
diesel-CN,anilpi__add_la1.0__mae__multi,10,1,-0.8963399417053441,4.8541336385624065,0.7271566773676889
diesel-CN,anilpi__add_la1.0__mae__multi,10,2,-0.30957312710265694,4.030428154130876,0.8750265195876058
diesel-CN,anilpi__add_la1.0__mae__multi,10,3,0.3782541513208497,2.7909649043886446,1.2699295989819228
diesel-CN,anilpi__add_la1.0__mae__multi,10,4,0.09892907403769424,3.3185832272133684,1.05488861287529
diesel-CN,anilpi__add_la1.0__mae__multi,10,5,0.2564629017198864,3.054088908272696,1.1612741845555514
diesel-CN,anilpi__add_la1.0__mae__multi,10,6,-0.29130032560998376,3.9930334414734916,0.8811958892335731
diesel-CN,anilpi__add_la1.0__mae__multi,10,7,0.13084616893030865,3.2756534771999393,1.0740828157806557
diesel-CN,anilpi__add_la1.0__mae__multi,10,8,0.095816086047389,3.3469460851757993,1.0530711248174878
diesel-CN,anilpi__add_la1.0__mae__multi,10,9,0.19636501277410312,3.1471827879139527,1.1170090062248341
diesel-CN,anilpi__add_la1.0__mae__multi,20,0,-0.6014722974693265,4.405451164309873,0.7913026775912904
diesel-CN,anilpi__add_la1.0__mae__multi,20,1,0.2517068150415088,3.034812928837181,1.1576211573678956
diesel-CN,anilpi__add_la1.0__mae__multi,20,2,0.4300763931853543,2.67894196978289,1.3264596007040474
diesel-CN,anilpi__add_la1.0__mae__multi,20,3,0.1919637165586734,3.1535698802236367,1.114004433780416
diesel-CN,anilpi__add_la1.0__mae__multi,20,4,-0.15114913857776058,3.673290558908385,0.9333328552162676
diesel-CN,anilpi__add_la1.0__mae__multi,20,5,0.06034856455934545,3.3438659742119934,1.0330443334143589
diesel-CN,anilpi__add_la1.0__mae__multi,20,6,0.14559127106802872,3.235632169141088,1.083351807529472
diesel-CN,anilpi__add_la1.0__mae__multi,20,7,0.2632578046645955,3.0547542592414,1.1666607271920701
diesel-CN,anilpi__add_la1.0__mae__multi,20,8,0.448553884404122,2.603932668762355,1.34849956168678
diesel-CN,anilpi__add_la1.0__mae__multi,20,9,0.406695458068142,2.7388902005441413,1.3000603528109667
