shot,rep,PLS,MAE_ridge,ANIL(mae),PI-ANIL(mae),ANIL+ridge,PI+ridge
5,0,-0.3406631800296791,-0.23450542361326954,-0.4161558782605774,-0.31308147591495583,-0.3946223211947386,-0.34487606896403333
5,1,-0.20706277595940747,-0.47289976589529825,-1.4859192424752794,-1.174518196201789,-3.2055494049813804,-2.4557915264020624
5,2,-1.9343893754843164,-1.3165842076836127,-3.3380799534602232,-6.403026885561479,-1.3351921245771914,-2.259016515670826
5,3,-1.8318929324716544,-0.11397973711220666,-4.475221887840946,-1.2181555325651376,-0.1147111851085083,-0.12200186102071009
5,4,-0.3481907126743884,-0.13090563344975736,-0.4670730867419042,-0.14577010976635707,-3.4398560840172676,-0.1295310729594259
5,5,-0.1580554359626376,-0.05714259651866671,-0.6798607523633822,-0.22793402978428556,-0.08207316888298655,-0.12395029567520455
5,6,-0.22027892188886966,-0.3865877563615643,-0.17416586669691747,-0.2291824501516455,-0.1624413698531264,-0.11657215904702656
5,7,-0.07743744793248775,-0.01630640529193439,-0.13036515376558144,-0.7925675331878792,-0.014696152480584646,-0.013819267876977515
5,8,-10.007442647362996,-4.885803281622055,-12.153435536287049,-17.815516765356854,-5.049895608897546,-6.3181991484839966
5,9,-0.25490013318516236,-0.074422403367016,-0.09871894693261662,-1.4151683502574657,-0.07304339338947186,-0.0763066884377206
5,10,-2.283066489900201,-2.2345183106499036,-4.328653324461161,-2.3912468384936925,-2.2556114573265544,-1.3429323302660583
5,11,-0.25443960843520497,-0.20791686899322337,-1.2885091123834012,-0.701259354077747,-0.6093459843751983,-0.24753063588915847
5,12,-0.043206979066911844,-0.001393426791511665,0.03032995301876973,-0.11370291631655971,0.008335107186287494,-0.1151610751129375
5,13,-0.017483264595637094,-0.06110650952568708,0.008336995738133068,-0.08848433243014053,-0.05948483701729512,-0.051553617794489304
5,14,-0.025213239496951756,0.0010704444378221156,-2.6187057746848494,-1.1332102920610252,-7.338689520042005,-0.9461991884292453
5,15,-0.7333211659042427,-0.3953431570055288,-0.8843734704144421,-0.47029980442985053,-0.27822898363582604,-0.2871111151258843
5,16,-1.6520783206668703,-0.5928306108233965,-1.9610696722553955,-1.152099566604496,-0.5702910437986679,-0.5221678295456178
5,17,-0.2103375662193785,-0.20141786231676462,-0.26523905567599604,-0.29579695022944685,-0.26379490224129953,-0.2601055508332224
5,18,-0.7617458211537582,-0.5829920438485747,-9.235611815149207,-1.532562959115909,-0.5859132679467165,-0.6475735429929859
5,19,-0.33591326006866407,-0.09443176316794277,-0.566376685732662,-0.30490086297106656,-0.0939559903485212,-0.09215176394992919
5,20,-0.7753499747587755,-0.37950481077568976,-0.3448651590281324,-0.995417733654929,-0.5459740192064628,-0.4171993695248004
5,21,-0.1381939962830152,-0.04311688673324299,-0.13466186229159116,-0.08490612129900343,-0.04317327607376931,-0.043469056365164294
5,22,-8.839832475371969,-0.5882864313795628,-8.006563027381057,-6.344405795235446,-4.0743195038704325,-2.1346440485121643
5,23,-0.011837081558583762,-0.23882223582905016,-0.7371523529524386,-0.2556553061820672,-0.06198482552291029,-0.11013503272321223
5,24,-21.127524909434385,-6.233649375851247,-9.343768597744521,-12.244202426025895,-8.258707388040625,-14.329092733507672
5,25,-2.573508963301195,-0.1450081404930812,-1.7373959768358893,-2.861545359969961,-0.13943085199364735,-0.1351883436921122
5,26,-0.1119431148222978,-0.11441273008119812,-0.35789995916722694,-0.23141997840589124,-0.20610621392397688,-0.18308228447185804
5,27,-0.53046942934541,-1.1154763358741486,-0.711844568853572,-0.5453796831577553,-0.2944462417083977,-0.28695857602305175
5,28,-1.0734115405068696,-0.4026479709240094,-0.8748920970207368,-0.5361264026836621,-0.9058016396384341,-0.5826489929643985
5,29,-0.5382891022880631,-0.4825978205069177,-1.223362656528911,-4.2990220252411335,-0.5418953569086669,-0.34969678722714215
10,0,-0.9970822034460838,-0.15548080928019492,-0.1619916516880715,-1.1017599964773894,-0.15366127796189644,-0.16781539349924013
10,1,0.10218742448386675,-0.007525653120757925,-0.042646593411388656,-0.2640178625878431,0.0006213388154008292,-0.17653206750793649
10,2,-0.02354577026537541,-0.7046473752351563,-0.025173421567267207,-0.08114650277620994,-0.028261385247719595,-0.024065200770068573
10,3,-0.5272249914239371,-0.09337909795685406,-0.9428999273184138,-0.5425790391450345,-0.09172810017385125,-0.09956131108450705
10,4,-0.5146247462932698,-0.2709798278030797,-0.19922557562801457,-0.1271748666811201,-0.1233350872378478,-0.43275003244909693
10,5,0.007776778414989471,-0.008864331034021955,0.07881196387835787,-0.019194042425334512,-0.007673887152295666,-0.010589826169049577
10,6,-0.4670364654559831,-0.39215402119834275,-0.30874699097014435,-0.5278375945015261,-0.1868459217338816,-0.7491266380512129
10,7,-5.5495456102508145,-0.032040477936161604,0.07704342528085217,-0.1489241621855144,-0.03083084573638506,-0.03828887308491624
10,8,-5.871580830280893,0.0013562242594764573,0.20266834027051284,0.02291829992179273,0.003243836626440455,0.0023019744777360573
10,9,-0.5736332282339358,-1.1738312467262069,-1.1969328700641029,-1.4418037846970715,-0.12646031328265428,-0.12263034654474358
10,10,0.004560086092719073,-0.19170520225368048,-0.1571466782407167,-0.2314046821015956,-0.19649551674440957,-0.21594100029312324
10,11,-0.5472192766120869,-0.038542371482606086,-0.027171235315974318,-0.09141469442044325,0.004126342579072295,-0.04225482849760476
10,12,-0.8338412067673431,0.017515299051551136,-0.05740917115452371,-0.09541733599390678,-0.04789365440784099,-0.04857606123118541
10,13,-0.0013097274828122174,-0.05087941910030902,0.09149256768186598,-0.028580051605225698,-0.04997039090781619,-0.05343381302193273
10,14,-5.181967759228608,-0.3403782594833149,-4.055645922425358,-3.166434603249794,-5.170671163412972,-0.39623075575779554
10,15,-0.2938746235943659,-0.016503919502900644,-0.07127241180889188,-0.3350326302416329,-0.7775958847928588,-0.6862336012144092
10,16,0.20841499464881108,-0.02814442331349909,0.08107696626840855,-0.1665010463277521,0.16191451165820703,-0.027184291103080183
10,17,0.5214461333321252,-0.34764526581596944,-0.395190821198691,-0.9991631953774911,-0.33081044817252514,-0.6833740533531583
10,18,-7.70316666510111,-1.0659773929732674,-3.761099806496632,-2.2699127098571985,-1.688944583376315,-1.810800388041232
10,19,-0.23988509048108986,-0.23020563532106442,-0.2647925838082559,-0.32096496066802316,-0.21276427466090886,-0.33455181517874455
10,20,-0.11017586571910942,-0.3187249288334302,-0.06991370052203094,-0.15031896765250408,-0.09350492120559606,-0.10790547179229337
10,21,-0.4531600432612741,-0.6030156118202032,-0.4074136845020073,-0.2884588401570993,-0.13387441498442465,-0.14444639770922896
10,22,-1.3256900235894045,-0.008278010772324818,0.08662141144296387,-0.03858020284192487,0.16253091378919948,-0.049565233066193315
10,23,-0.17133049868154626,-0.009760021506478367,-0.22195814849953388,-0.03235528647474695,-0.0056052948587823614,-0.008084185228317553
10,24,-0.02126983955876338,-0.008545413903882304,0.013813838590484684,-0.112860334230511,-0.005676012695768229,-0.005048436443694682
10,25,-0.12132214731294111,-0.019516599502171106,0.042694743069009,-0.10663902930094982,-0.01021332753959614,-0.017246295380922705
10,26,-1.5336300294457321,-0.02333700108258685,0.012296877867967182,-0.040406956068974376,-0.02307189293209655,-0.025159167470936383
10,27,-0.20678175005966581,-0.2166404446680299,-0.21549291272197424,-0.21945485976598889,-0.45353292942958223,-0.38938017839473327
10,28,-1.4536571144987627,-0.2756006486983149,-0.061143652648442126,-1.345036377011017,0.0388375166590369,-0.1962829840597775
10,29,-1.1034150741408255,-0.37790058317258857,-2.5827750184803686,-3.789543465603326,-3.0784332130855026,-3.784801841484299
20,0,-0.19797556865363397,0.008956799122559533,0.08499481864015601,-0.13412701148494777,0.00012444271546863117,-0.05186588284855209
20,1,-12.42633082323507,-14.496672702781106,-0.6246790296606328,-0.6780319591135004,-1.3728242503924268,-0.6564147332055759
20,2,0.30032455496321386,-0.10666406895845282,-0.06453545743672295,-0.13114780721045682,0.006522759689127633,-0.10863715359593429
20,3,-0.03586354602146935,-0.006246182904223296,0.18946642364716226,-0.14932166818266346,-0.00022733151451848066,-0.0018191773222238083
20,4,-0.39018381282250947,-0.16730045365941626,-0.43847781523889195,-0.34246923110286476,-0.12849860849063277,-4.583496482724306
20,5,-0.35834890893019944,-3.0139460358732757,-0.5215874190844347,-0.7871445341387031,-0.6435727268697606,-0.16477595031673142
20,6,-0.3933178960948607,0.24044352726384222,0.202413763427849,0.0012781789811306954,0.0029838077119911377,0.0027967716167804912
20,7,0.6894086778050752,-0.033338467279374395,0.062282714785398596,-0.03517624989224477,-0.03090586887122493,-0.03417427149140573
20,8,0.12603355600777155,-0.04151062771669056,0.008483056213179574,-0.049411935954895236,-0.039909339741520666,-0.04177313808960026
20,9,0.20101954930843957,-1.4145851955106985,-0.5679474467665164,-1.3808678113319148,0.0034058059360548842,-0.036766079600027535
20,10,-0.01494902929405506,-0.18217339490464024,0.16187697111581334,-0.0071995053789950525,-0.008891167795527899,-0.01172636281815942
20,11,-0.34056340697665766,-0.3958673080029109,0.18666984263578734,-0.15150019929567304,-1.912040535903269,-1.1913323817598132
20,12,0.5592155115401378,-0.006081772015030573,0.073648625386877,-0.006999493665870604,-0.003911635024169469,-0.004968030035660709
20,13,-3.5888858068411302,0.005760655294098083,0.10746665108133768,-0.007302156490453626,0.010004057255547316,0.005190837716528063
20,14,0.2337483881656508,-0.06638018292570025,-0.04521806039475251,-0.09655318911209165,-0.01650705345593617,-0.09467408146264611
20,15,0.39827722029177537,0.06476693252265331,0.12098393009471387,-0.08211137852642558,0.0010490997154832815,-0.004563871281858756
20,16,-0.08732042531994333,-0.11783755429104703,-0.11398513570042135,-0.12918663541032793,-0.08770617832212513,-0.12374871335031146
20,17,-0.019003870871748152,-0.025397071410661276,-0.08872039601622883,-0.06604804921070295,-0.03195877150073256,-0.05513278493210971
20,18,0.035946383925679726,-0.1375577133542525,0.09913760180610387,-0.08368118608314479,0.14167346634145028,-0.014415281491302112
20,19,0.30100029803925976,-0.05328258288426624,-0.03144221982827,-0.08002873323576742,0.15716820228428985,-0.04151404364659195
20,20,0.5042348675984698,-2.4878813521320877,-0.730178625887977,-1.1317484062555363,-0.46275298365248774,-0.4461739999336489
20,21,0.07807249304683705,-8.58789566672226,-0.15489275800400581,-0.5166347147207553,-5.494938001244936,-5.963800143137179
20,22,-0.048334296103173635,-0.11291282692874405,-0.07014462496303175,-0.11728010723824833,-0.052657278413808406,-0.10648654365833177
20,23,0.7142084417037242,-0.01158672998110788,0.10097016179562912,-0.03278739111392137,-2.2471374490738745,-0.010188418992765902
20,24,-1.0431704289308397,0.0013156429537901637,0.16755886926502028,-0.062176656904902705,0.00655528277794537,-0.9718378806884125
20,25,0.4738904499849411,-0.015814565062614916,-0.016849561286086834,-0.030664501531361354,-0.80034663800683,-0.019234027102863482
20,26,0.5584853408910289,0.2748233396222608,0.01684137717096168,-0.015004148326017264,-0.5123727533510944,-7.0434353851329
20,27,0.42373131078844917,-0.009695684455775844,-0.04320141191239135,-0.07193165888912256,0.05285489903561402,-0.00992717605704585
20,28,-0.02769844898055651,-0.03584888541131237,-0.02814562495611539,-0.06573443263636092,-0.03522176532514276,-0.03513451351794861
20,29,0.12739706029356412,-1.6836062070619442,-0.6865892819206632,-0.4992929322177564,-1.5262583079062875,-1.1361132272324572
