task,K,rep,position,index
diesel-FREEZE,5,0,0,167
diesel-FREEZE,5,0,1,342
diesel-FREEZE,5,0,2,110
diesel-FREEZE,5,0,3,1
diesel-FREEZE,5,0,4,99
diesel-FREEZE,5,1,0,220
diesel-FREEZE,5,1,1,59
diesel-FREEZE,5,1,2,202
diesel-FREEZE,5,1,3,127
diesel-FREEZE,5,1,4,259
diesel-FREEZE,5,2,0,266
diesel-FREEZE,5,2,1,242
diesel-FREEZE,5,2,2,83
diesel-FREEZE,5,2,3,233
diesel-FREEZE,5,2,4,376
diesel-FREEZE,5,3,0,358
diesel-FREEZE,5,3,1,92
diesel-FREEZE,5,3,2,362
diesel-FREEZE,5,3,3,189
diesel-FREEZE,5,3,4,190
diesel-FREEZE,5,4,0,234
diesel-FREEZE,5,4,1,49
diesel-FREEZE,5,4,2,40
diesel-FREEZE,5,4,3,72
diesel-FREEZE,5,4,4,310
diesel-FREEZE,5,5,0,259
diesel-FREEZE,5,5,1,106
diesel-FREEZE,5,5,2,390
diesel-FREEZE,5,5,3,230
diesel-FREEZE,5,5,4,363
diesel-FREEZE,5,6,0,322
diesel-FREEZE,5,6,1,275
diesel-FREEZE,5,6,2,319
diesel-FREEZE,5,6,3,195
diesel-FREEZE,5,6,4,115
diesel-FREEZE,5,7,0,226
diesel-FREEZE,5,7,1,362
diesel-FREEZE,5,7,2,105
diesel-FREEZE,5,7,3,63
diesel-FREEZE,5,7,4,79
diesel-FREEZE,5,8,0,371
diesel-FREEZE,5,8,1,23
diesel-FREEZE,5,8,2,215
diesel-FREEZE,5,8,3,257
diesel-FREEZE,5,8,4,148
diesel-FREEZE,5,9,0,104
diesel-FREEZE,5,9,1,141
diesel-FREEZE,5,9,2,57
diesel-FREEZE,5,9,3,394
diesel-FREEZE,5,9,4,19
diesel-FREEZE,5,10,0,82
diesel-FREEZE,5,10,1,187
diesel-FREEZE,5,10,2,148
diesel-FREEZE,5,10,3,121
diesel-FREEZE,5,10,4,98
diesel-FREEZE,5,11,0,117
diesel-FREEZE,5,11,1,215
diesel-FREEZE,5,11,2,365
diesel-FREEZE,5,11,3,280
diesel-FREEZE,5,11,4,20
diesel-FREEZE,5,12,0,325
diesel-FREEZE,5,12,1,227
diesel-FREEZE,5,12,2,194
diesel-FREEZE,5,12,3,247
diesel-FREEZE,5,12,4,87
diesel-FREEZE,5,13,0,226
diesel-FREEZE,5,13,1,189
diesel-FREEZE,5,13,2,139
diesel-FREEZE,5,13,3,257
diesel-FREEZE,5,13,4,98
diesel-FREEZE,5,14,0,266
diesel-FREEZE,5,14,1,184
diesel-FREEZE,5,14,2,210
diesel-FREEZE,5,14,3,286
diesel-FREEZE,5,14,4,158
diesel-FREEZE,5,15,0,77
diesel-FREEZE,5,15,1,309
diesel-FREEZE,5,15,2,280
diesel-FREEZE,5,15,3,128
diesel-FREEZE,5,15,4,299
diesel-FREEZE,5,16,0,294
diesel-FREEZE,5,16,1,376
diesel-FREEZE,5,16,2,172
diesel-FREEZE,5,16,3,385
diesel-FREEZE,5,16,4,143
diesel-FREEZE,5,17,0,219
diesel-FREEZE,5,17,1,45
diesel-FREEZE,5,17,2,348
diesel-FREEZE,5,17,3,60
diesel-FREEZE,5,17,4,67
diesel-FREEZE,5,18,0,56
diesel-FREEZE,5,18,1,341
diesel-FREEZE,5,18,2,88
diesel-FREEZE,5,18,3,112
diesel-FREEZE,5,18,4,71
diesel-FREEZE,5,19,0,56
diesel-FREEZE,5,19,1,28
diesel-FREEZE,5,19,2,53
diesel-FREEZE,5,19,3,369
diesel-FREEZE,5,19,4,390
diesel-FREEZE,5,20,0,129
diesel-FREEZE,5,20,1,384
diesel-FREEZE,5,20,2,337
diesel-FREEZE,5,20,3,317
diesel-FREEZE,5,20,4,252
diesel-FREEZE,5,21,0,286
diesel-FREEZE,5,21,1,151
diesel-FREEZE,5,21,2,99
diesel-FREEZE,5,21,3,96
diesel-FREEZE,5,21,4,362
diesel-FREEZE,5,22,0,270
diesel-FREEZE,5,22,1,83
diesel-FREEZE,5,22,2,85
diesel-FREEZE,5,22,3,380
diesel-FREEZE,5,22,4,319
diesel-FREEZE,5,23,0,328
diesel-FREEZE,5,23,1,251
diesel-FREEZE,5,23,2,227
diesel-FREEZE,5,23,3,260
diesel-FREEZE,5,23,4,267
diesel-FREEZE,5,24,0,77
diesel-FREEZE,5,24,1,381
diesel-FREEZE,5,24,2,110
diesel-FREEZE,5,24,3,384
diesel-FREEZE,5,24,4,209
diesel-FREEZE,5,25,0,283
diesel-FREEZE,5,25,1,387
diesel-FREEZE,5,25,2,337
diesel-FREEZE,5,25,3,74
diesel-FREEZE,5,25,4,257
diesel-FREEZE,5,26,0,297
diesel-FREEZE,5,26,1,346
diesel-FREEZE,5,26,2,204
diesel-FREEZE,5,26,3,228
diesel-FREEZE,5,26,4,252
diesel-FREEZE,5,27,0,30
diesel-FREEZE,5,27,1,144
diesel-FREEZE,5,27,2,273
diesel-FREEZE,5,27,3,329
diesel-FREEZE,5,27,4,253
diesel-FREEZE,5,28,0,300
diesel-FREEZE,5,28,1,107
diesel-FREEZE,5,28,2,366
diesel-FREEZE,5,28,3,84
diesel-FREEZE,5,28,4,9
diesel-FREEZE,5,29,0,30
diesel-FREEZE,5,29,1,25
diesel-FREEZE,5,29,2,269
diesel-FREEZE,5,29,3,203
diesel-FREEZE,5,29,4,103
diesel-FREEZE,10,0,0,372
diesel-FREEZE,10,0,1,119
diesel-FREEZE,10,0,2,67
diesel-FREEZE,10,0,3,135
diesel-FREEZE,10,0,4,300
diesel-FREEZE,10,0,5,112
diesel-FREEZE,10,0,6,379
diesel-FREEZE,10,0,7,151
diesel-FREEZE,10,0,8,381
diesel-FREEZE,10,0,9,244
diesel-FREEZE,10,1,0,258
diesel-FREEZE,10,1,1,86
diesel-FREEZE,10,1,2,123
diesel-FREEZE,10,1,3,50
diesel-FREEZE,10,1,4,221
diesel-FREEZE,10,1,5,367
diesel-FREEZE,10,1,6,180
diesel-FREEZE,10,1,7,70
diesel-FREEZE,10,1,8,202
diesel-FREEZE,10,1,9,316
diesel-FREEZE,10,2,0,47
diesel-FREEZE,10,2,1,301
diesel-FREEZE,10,2,2,220
diesel-FREEZE,10,2,3,116
diesel-FREEZE,10,2,4,315
diesel-FREEZE,10,2,5,153
diesel-FREEZE,10,2,6,256
diesel-FREEZE,10,2,7,237
diesel-FREEZE,10,2,8,77
diesel-FREEZE,10,2,9,184
diesel-FREEZE,10,3,0,186
diesel-FREEZE,10,3,1,185
diesel-FREEZE,10,3,2,270
diesel-FREEZE,10,3,3,393
diesel-FREEZE,10,3,4,116
diesel-FREEZE,10,3,5,169
diesel-FREEZE,10,3,6,262
diesel-FREEZE,10,3,7,296
diesel-FREEZE,10,3,8,389
diesel-FREEZE,10,3,9,224
diesel-FREEZE,10,4,0,250
diesel-FREEZE,10,4,1,299
diesel-FREEZE,10,4,2,262
diesel-FREEZE,10,4,3,19
diesel-FREEZE,10,4,4,368
diesel-FREEZE,10,4,5,297
diesel-FREEZE,10,4,6,188
diesel-FREEZE,10,4,7,266
diesel-FREEZE,10,4,8,47
diesel-FREEZE,10,4,9,303
diesel-FREEZE,10,5,0,387
diesel-FREEZE,10,5,1,384
diesel-FREEZE,10,5,2,373
diesel-FREEZE,10,5,3,237
diesel-FREEZE,10,5,4,335
diesel-FREEZE,10,5,5,128
diesel-FREEZE,10,5,6,270
diesel-FREEZE,10,5,7,250
diesel-FREEZE,10,5,8,173
diesel-FREEZE,10,5,9,23
diesel-FREEZE,10,6,0,68
diesel-FREEZE,10,6,1,194
diesel-FREEZE,10,6,2,203
diesel-FREEZE,10,6,3,60
diesel-FREEZE,10,6,4,317
diesel-FREEZE,10,6,5,374
diesel-FREEZE,10,6,6,107
diesel-FREEZE,10,6,7,385
diesel-FREEZE,10,6,8,293
diesel-FREEZE,10,6,9,80
diesel-FREEZE,10,7,0,195
diesel-FREEZE,10,7,1,99
diesel-FREEZE,10,7,2,39
diesel-FREEZE,10,7,3,309
diesel-FREEZE,10,7,4,106
diesel-FREEZE,10,7,5,203
diesel-FREEZE,10,7,6,329
diesel-FREEZE,10,7,7,393
diesel-FREEZE,10,7,8,186
diesel-FREEZE,10,7,9,284
diesel-FREEZE,10,8,0,276
diesel-FREEZE,10,8,1,328
diesel-FREEZE,10,8,2,150
diesel-FREEZE,10,8,3,390
diesel-FREEZE,10,8,4,231
diesel-FREEZE,10,8,5,310
diesel-FREEZE,10,8,6,78
diesel-FREEZE,10,8,7,11
diesel-FREEZE,10,8,8,30
diesel-FREEZE,10,8,9,284
diesel-FREEZE,10,9,0,333
diesel-FREEZE,10,9,1,267
diesel-FREEZE,10,9,2,315
diesel-FREEZE,10,9,3,313
diesel-FREEZE,10,9,4,373
diesel-FREEZE,10,9,5,1
diesel-FREEZE,10,9,6,279
diesel-FREEZE,10,9,7,353
diesel-FREEZE,10,9,8,12
diesel-FREEZE,10,9,9,128
diesel-FREEZE,10,10,0,43
diesel-FREEZE,10,10,1,34
diesel-FREEZE,10,10,2,116
diesel-FREEZE,10,10,3,74
diesel-FREEZE,10,10,4,320
diesel-FREEZE,10,10,5,299
diesel-FREEZE,10,10,6,343
diesel-FREEZE,10,10,7,146
diesel-FREEZE,10,10,8,245
diesel-FREEZE,10,10,9,250
diesel-FREEZE,10,11,0,360
diesel-FREEZE,10,11,1,110
diesel-FREEZE,10,11,2,387
diesel-FREEZE,10,11,3,290
diesel-FREEZE,10,11,4,30
diesel-FREEZE,10,11,5,180
diesel-FREEZE,10,11,6,226
diesel-FREEZE,10,11,7,107
diesel-FREEZE,10,11,8,365
diesel-FREEZE,10,11,9,150
diesel-FREEZE,10,12,0,348
diesel-FREEZE,10,12,1,103
diesel-FREEZE,10,12,2,285
diesel-FREEZE,10,12,3,346
diesel-FREEZE,10,12,4,172
diesel-FREEZE,10,12,5,85
diesel-FREEZE,10,12,6,307
diesel-FREEZE,10,12,7,380
diesel-FREEZE,10,12,8,351
diesel-FREEZE,10,12,9,270
diesel-FREEZE,10,13,0,319
diesel-FREEZE,10,13,1,354
diesel-FREEZE,10,13,2,355
diesel-FREEZE,10,13,3,69
diesel-FREEZE,10,13,4,356
diesel-FREEZE,10,13,5,187
diesel-FREEZE,10,13,6,213
diesel-FREEZE,10,13,7,61
diesel-FREEZE,10,13,8,85
diesel-FREEZE,10,13,9,33
diesel-FREEZE,10,14,0,283
diesel-FREEZE,10,14,1,17
diesel-FREEZE,10,14,2,231
diesel-FREEZE,10,14,3,385
diesel-FREEZE,10,14,4,245
diesel-FREEZE,10,14,5,130
diesel-FREEZE,10,14,6,367
diesel-FREEZE,10,14,7,36
diesel-FREEZE,10,14,8,266
diesel-FREEZE,10,14,9,81
diesel-FREEZE,10,15,0,246
diesel-FREEZE,10,15,1,105
diesel-FREEZE,10,15,2,81
diesel-FREEZE,10,15,3,202
diesel-FREEZE,10,15,4,262
diesel-FREEZE,10,15,5,193
diesel-FREEZE,10,15,6,150
diesel-FREEZE,10,15,7,337
diesel-FREEZE,10,15,8,365
diesel-FREEZE,10,15,9,298
diesel-FREEZE,10,16,0,111
diesel-FREEZE,10,16,1,27
diesel-FREEZE,10,16,2,238
diesel-FREEZE,10,16,3,248
diesel-FREEZE,10,16,4,96
diesel-FREEZE,10,16,5,269
diesel-FREEZE,10,16,6,52
diesel-FREEZE,10,16,7,36
diesel-FREEZE,10,16,8,3
diesel-FREEZE,10,16,9,216
diesel-FREEZE,10,17,0,227
diesel-FREEZE,10,17,1,160
diesel-FREEZE,10,17,2,28
diesel-FREEZE,10,17,3,357
diesel-FREEZE,10,17,4,19
diesel-FREEZE,10,17,5,178
diesel-FREEZE,10,17,6,341
diesel-FREEZE,10,17,7,381
diesel-FREEZE,10,17,8,216
diesel-FREEZE,10,17,9,164
diesel-FREEZE,10,18,0,148
diesel-FREEZE,10,18,1,392
diesel-FREEZE,10,18,2,147
diesel-FREEZE,10,18,3,193
diesel-FREEZE,10,18,4,179
diesel-FREEZE,10,18,5,332
diesel-FREEZE,10,18,6,277
diesel-FREEZE,10,18,7,19
diesel-FREEZE,10,18,8,12
diesel-FREEZE,10,18,9,30
diesel-FREEZE,10,19,0,213
diesel-FREEZE,10,19,1,50
diesel-FREEZE,10,19,2,288
diesel-FREEZE,10,19,3,140
diesel-FREEZE,10,19,4,35
diesel-FREEZE,10,19,5,118
diesel-FREEZE,10,19,6,134
diesel-FREEZE,10,19,7,165
diesel-FREEZE,10,19,8,271
diesel-FREEZE,10,19,9,239
diesel-FREEZE,10,20,0,147
diesel-FREEZE,10,20,1,126
diesel-FREEZE,10,20,2,66
diesel-FREEZE,10,20,3,96
diesel-FREEZE,10,20,4,95
diesel-FREEZE,10,20,5,296
diesel-FREEZE,10,20,6,235
diesel-FREEZE,10,20,7,97
diesel-FREEZE,10,20,8,311
diesel-FREEZE,10,20,9,203
diesel-FREEZE,10,21,0,103
diesel-FREEZE,10,21,1,6
diesel-FREEZE,10,21,2,326
diesel-FREEZE,10,21,3,390
diesel-FREEZE,10,21,4,186
diesel-FREEZE,10,21,5,43
diesel-FREEZE,10,21,6,187
diesel-FREEZE,10,21,7,76
diesel-FREEZE,10,21,8,200
diesel-FREEZE,10,21,9,266
diesel-FREEZE,10,22,0,327
diesel-FREEZE,10,22,1,331
diesel-FREEZE,10,22,2,341
diesel-FREEZE,10,22,3,97
diesel-FREEZE,10,22,4,245
diesel-FREEZE,10,22,5,228
diesel-FREEZE,10,22,6,64
diesel-FREEZE,10,22,7,79
diesel-FREEZE,10,22,8,313
diesel-FREEZE,10,22,9,370
diesel-FREEZE,10,23,0,58
diesel-FREEZE,10,23,1,318
diesel-FREEZE,10,23,2,339
diesel-FREEZE,10,23,3,198
diesel-FREEZE,10,23,4,33
diesel-FREEZE,10,23,5,281
diesel-FREEZE,10,23,6,255
diesel-FREEZE,10,23,7,56
diesel-FREEZE,10,23,8,66
diesel-FREEZE,10,23,9,192
diesel-FREEZE,10,24,0,138
diesel-FREEZE,10,24,1,170
diesel-FREEZE,10,24,2,212
diesel-FREEZE,10,24,3,151
diesel-FREEZE,10,24,4,73
diesel-FREEZE,10,24,5,33
diesel-FREEZE,10,24,6,31
diesel-FREEZE,10,24,7,226
diesel-FREEZE,10,24,8,0
diesel-FREEZE,10,24,9,220
diesel-FREEZE,10,25,0,193
diesel-FREEZE,10,25,1,88
diesel-FREEZE,10,25,2,229
diesel-FREEZE,10,25,3,308
diesel-FREEZE,10,25,4,158
diesel-FREEZE,10,25,5,45
diesel-FREEZE,10,25,6,244
diesel-FREEZE,10,25,7,252
diesel-FREEZE,10,25,8,224
diesel-FREEZE,10,25,9,148
diesel-FREEZE,10,26,0,290
diesel-FREEZE,10,26,1,262
diesel-FREEZE,10,26,2,352
diesel-FREEZE,10,26,3,210
diesel-FREEZE,10,26,4,13
diesel-FREEZE,10,26,5,29
diesel-FREEZE,10,26,6,4
diesel-FREEZE,10,26,7,51
diesel-FREEZE,10,26,8,324
diesel-FREEZE,10,26,9,383
diesel-FREEZE,10,27,0,299
diesel-FREEZE,10,27,1,156
diesel-FREEZE,10,27,2,375
diesel-FREEZE,10,27,3,167
diesel-FREEZE,10,27,4,215
diesel-FREEZE,10,27,5,346
diesel-FREEZE,10,27,6,36
diesel-FREEZE,10,27,7,2
diesel-FREEZE,10,27,8,30
diesel-FREEZE,10,27,9,104
diesel-FREEZE,10,28,0,119
diesel-FREEZE,10,28,1,41
diesel-FREEZE,10,28,2,225
diesel-FREEZE,10,28,3,263
diesel-FREEZE,10,28,4,141
diesel-FREEZE,10,28,5,288
diesel-FREEZE,10,28,6,245
diesel-FREEZE,10,28,7,167
diesel-FREEZE,10,28,8,248
diesel-FREEZE,10,28,9,3
diesel-FREEZE,10,29,0,27
diesel-FREEZE,10,29,1,251
diesel-FREEZE,10,29,2,85
diesel-FREEZE,10,29,3,336
diesel-FREEZE,10,29,4,250
diesel-FREEZE,10,29,5,218
diesel-FREEZE,10,29,6,152
diesel-FREEZE,10,29,7,40
diesel-FREEZE,10,29,8,124
diesel-FREEZE,10,29,9,196
diesel-FREEZE,20,0,0,323
diesel-FREEZE,20,0,1,13
diesel-FREEZE,20,0,2,386
diesel-FREEZE,20,0,3,216
diesel-FREEZE,20,0,4,135
diesel-FREEZE,20,0,5,182
diesel-FREEZE,20,0,6,77
diesel-FREEZE,20,0,7,364
diesel-FREEZE,20,0,8,198
diesel-FREEZE,20,0,9,96
diesel-FREEZE,20,0,10,128
diesel-FREEZE,20,0,11,21
diesel-FREEZE,20,0,12,329
diesel-FREEZE,20,0,13,104
diesel-FREEZE,20,0,14,160
diesel-FREEZE,20,0,15,94
diesel-FREEZE,20,0,16,244
diesel-FREEZE,20,0,17,100
diesel-FREEZE,20,0,18,38
diesel-FREEZE,20,0,19,392
diesel-FREEZE,20,1,0,287
diesel-FREEZE,20,1,1,31
diesel-FREEZE,20,1,2,160
diesel-FREEZE,20,1,3,308
diesel-FREEZE,20,1,4,372
diesel-FREEZE,20,1,5,66
diesel-FREEZE,20,1,6,156
diesel-FREEZE,20,1,7,243
diesel-FREEZE,20,1,8,227
diesel-FREEZE,20,1,9,288
diesel-FREEZE,20,1,10,83
diesel-FREEZE,20,1,11,50
diesel-FREEZE,20,1,12,247
diesel-FREEZE,20,1,13,19
diesel-FREEZE,20,1,14,230
diesel-FREEZE,20,1,15,168
diesel-FREEZE,20,1,16,161
diesel-FREEZE,20,1,17,234
diesel-FREEZE,20,1,18,184
diesel-FREEZE,20,1,19,389
diesel-FREEZE,20,2,0,187
diesel-FREEZE,20,2,1,345
diesel-FREEZE,20,2,2,116
diesel-FREEZE,20,2,3,376
diesel-FREEZE,20,2,4,83
diesel-FREEZE,20,2,5,360
diesel-FREEZE,20,2,6,52
diesel-FREEZE,20,2,7,249
diesel-FREEZE,20,2,8,80
diesel-FREEZE,20,2,9,109
diesel-FREEZE,20,2,10,149
diesel-FREEZE,20,2,11,4
diesel-FREEZE,20,2,12,74
diesel-FREEZE,20,2,13,110
diesel-FREEZE,20,2,14,24
diesel-FREEZE,20,2,15,282
diesel-FREEZE,20,2,16,173
diesel-FREEZE,20,2,17,370
diesel-FREEZE,20,2,18,89
diesel-FREEZE,20,2,19,29
diesel-FREEZE,20,3,0,43
diesel-FREEZE,20,3,1,89
diesel-FREEZE,20,3,2,99
diesel-FREEZE,20,3,3,224
diesel-FREEZE,20,3,4,171
diesel-FREEZE,20,3,5,82
diesel-FREEZE,20,3,6,115
diesel-FREEZE,20,3,7,278
diesel-FREEZE,20,3,8,131
diesel-FREEZE,20,3,9,210
diesel-FREEZE,20,3,10,162
diesel-FREEZE,20,3,11,223
diesel-FREEZE,20,3,12,207
diesel-FREEZE,20,3,13,309
diesel-FREEZE,20,3,14,297
diesel-FREEZE,20,3,15,371
diesel-FREEZE,20,3,16,77
diesel-FREEZE,20,3,17,134
diesel-FREEZE,20,3,18,90
diesel-FREEZE,20,3,19,283
diesel-FREEZE,20,4,0,84
diesel-FREEZE,20,4,1,93
diesel-FREEZE,20,4,2,177
diesel-FREEZE,20,4,3,287
diesel-FREEZE,20,4,4,181
diesel-FREEZE,20,4,5,375
diesel-FREEZE,20,4,6,156
diesel-FREEZE,20,4,7,216
diesel-FREEZE,20,4,8,176
diesel-FREEZE,20,4,9,142
diesel-FREEZE,20,4,10,213
diesel-FREEZE,20,4,11,117
diesel-FREEZE,20,4,12,143
diesel-FREEZE,20,4,13,245
diesel-FREEZE,20,4,14,59
diesel-FREEZE,20,4,15,367
diesel-FREEZE,20,4,16,22
diesel-FREEZE,20,4,17,94
diesel-FREEZE,20,4,18,26
diesel-FREEZE,20,4,19,272
diesel-FREEZE,20,5,0,328
diesel-FREEZE,20,5,1,367
diesel-FREEZE,20,5,2,323
diesel-FREEZE,20,5,3,131
diesel-FREEZE,20,5,4,372
diesel-FREEZE,20,5,5,246
diesel-FREEZE,20,5,6,353
diesel-FREEZE,20,5,7,243
diesel-FREEZE,20,5,8,236
diesel-FREEZE,20,5,9,215
diesel-FREEZE,20,5,10,314
diesel-FREEZE,20,5,11,363
diesel-FREEZE,20,5,12,72
diesel-FREEZE,20,5,13,303
diesel-FREEZE,20,5,14,205
diesel-FREEZE,20,5,15,0
diesel-FREEZE,20,5,16,279
diesel-FREEZE,20,5,17,2
diesel-FREEZE,20,5,18,298
diesel-FREEZE,20,5,19,106
diesel-FREEZE,20,6,0,379
diesel-FREEZE,20,6,1,212
diesel-FREEZE,20,6,2,285
diesel-FREEZE,20,6,3,125
diesel-FREEZE,20,6,4,313
diesel-FREEZE,20,6,5,342
diesel-FREEZE,20,6,6,175
diesel-FREEZE,20,6,7,316
diesel-FREEZE,20,6,8,225
diesel-FREEZE,20,6,9,292
diesel-FREEZE,20,6,10,141
diesel-FREEZE,20,6,11,314
diesel-FREEZE,20,6,12,221
diesel-FREEZE,20,6,13,381
diesel-FREEZE,20,6,14,140
diesel-FREEZE,20,6,15,198
diesel-FREEZE,20,6,16,60
diesel-FREEZE,20,6,17,2
diesel-FREEZE,20,6,18,331
diesel-FREEZE,20,6,19,167
diesel-FREEZE,20,7,0,286
diesel-FREEZE,20,7,1,393
diesel-FREEZE,20,7,2,37
diesel-FREEZE,20,7,3,260
diesel-FREEZE,20,7,4,165
diesel-FREEZE,20,7,5,318
diesel-FREEZE,20,7,6,161
diesel-FREEZE,20,7,7,232
diesel-FREEZE,20,7,8,192
diesel-FREEZE,20,7,9,16
diesel-FREEZE,20,7,10,72
diesel-FREEZE,20,7,11,342
diesel-FREEZE,20,7,12,78
diesel-FREEZE,20,7,13,160
diesel-FREEZE,20,7,14,366
diesel-FREEZE,20,7,15,256
diesel-FREEZE,20,7,16,94
diesel-FREEZE,20,7,17,264
diesel-FREEZE,20,7,18,1
diesel-FREEZE,20,7,19,238
diesel-FREEZE,20,8,0,185
diesel-FREEZE,20,8,1,367
diesel-FREEZE,20,8,2,236
diesel-FREEZE,20,8,3,41
diesel-FREEZE,20,8,4,258
diesel-FREEZE,20,8,5,132
diesel-FREEZE,20,8,6,339
diesel-FREEZE,20,8,7,205
diesel-FREEZE,20,8,8,356
diesel-FREEZE,20,8,9,316
diesel-FREEZE,20,8,10,165
diesel-FREEZE,20,8,11,43
diesel-FREEZE,20,8,12,346
diesel-FREEZE,20,8,13,5
diesel-FREEZE,20,8,14,226
diesel-FREEZE,20,8,15,18
diesel-FREEZE,20,8,16,125
diesel-FREEZE,20,8,17,65
diesel-FREEZE,20,8,18,232
diesel-FREEZE,20,8,19,237
diesel-FREEZE,20,9,0,235
diesel-FREEZE,20,9,1,166
diesel-FREEZE,20,9,2,219
diesel-FREEZE,20,9,3,384
diesel-FREEZE,20,9,4,343
diesel-FREEZE,20,9,5,89
diesel-FREEZE,20,9,6,38
diesel-FREEZE,20,9,7,206
diesel-FREEZE,20,9,8,158
diesel-FREEZE,20,9,9,179
diesel-FREEZE,20,9,10,391
diesel-FREEZE,20,9,11,264
diesel-FREEZE,20,9,12,27
diesel-FREEZE,20,9,13,6
diesel-FREEZE,20,9,14,121
diesel-FREEZE,20,9,15,315
diesel-FREEZE,20,9,16,43
diesel-FREEZE,20,9,17,117
diesel-FREEZE,20,9,18,383
diesel-FREEZE,20,9,19,280
diesel-FREEZE,20,10,0,343
diesel-FREEZE,20,10,1,349
diesel-FREEZE,20,10,2,122
diesel-FREEZE,20,10,3,200
diesel-FREEZE,20,10,4,134
diesel-FREEZE,20,10,5,118
diesel-FREEZE,20,10,6,155
diesel-FREEZE,20,10,7,340
diesel-FREEZE,20,10,8,138
diesel-FREEZE,20,10,9,184
diesel-FREEZE,20,10,10,252
diesel-FREEZE,20,10,11,121
diesel-FREEZE,20,10,12,345
diesel-FREEZE,20,10,13,151
diesel-FREEZE,20,10,14,389
diesel-FREEZE,20,10,15,338
diesel-FREEZE,20,10,16,113
diesel-FREEZE,20,10,17,203
diesel-FREEZE,20,10,18,65
diesel-FREEZE,20,10,19,277
diesel-FREEZE,20,11,0,352
diesel-FREEZE,20,11,1,49
diesel-FREEZE,20,11,2,304
diesel-FREEZE,20,11,3,112
diesel-FREEZE,20,11,4,67
diesel-FREEZE,20,11,5,185
diesel-FREEZE,20,11,6,19
diesel-FREEZE,20,11,7,84
diesel-FREEZE,20,11,8,149
diesel-FREEZE,20,11,9,101
diesel-FREEZE,20,11,10,265
diesel-FREEZE,20,11,11,244
diesel-FREEZE,20,11,12,203
diesel-FREEZE,20,11,13,288
diesel-FREEZE,20,11,14,108
diesel-FREEZE,20,11,15,262
diesel-FREEZE,20,11,16,76
diesel-FREEZE,20,11,17,273
diesel-FREEZE,20,11,18,385
diesel-FREEZE,20,11,19,70
diesel-FREEZE,20,12,0,109
diesel-FREEZE,20,12,1,363
diesel-FREEZE,20,12,2,256
diesel-FREEZE,20,12,3,182
diesel-FREEZE,20,12,4,138
diesel-FREEZE,20,12,5,388
diesel-FREEZE,20,12,6,187
diesel-FREEZE,20,12,7,139
diesel-FREEZE,20,12,8,152
diesel-FREEZE,20,12,9,328
diesel-FREEZE,20,12,10,193
diesel-FREEZE,20,12,11,295
diesel-FREEZE,20,12,12,136
diesel-FREEZE,20,12,13,220
diesel-FREEZE,20,12,14,385
diesel-FREEZE,20,12,15,343
diesel-FREEZE,20,12,16,15
diesel-FREEZE,20,12,17,50
diesel-FREEZE,20,12,18,58
diesel-FREEZE,20,12,19,107
diesel-FREEZE,20,13,0,251
diesel-FREEZE,20,13,1,375
diesel-FREEZE,20,13,2,218
diesel-FREEZE,20,13,3,166
diesel-FREEZE,20,13,4,193
diesel-FREEZE,20,13,5,181
diesel-FREEZE,20,13,6,253
diesel-FREEZE,20,13,7,183
diesel-FREEZE,20,13,8,103
diesel-FREEZE,20,13,9,56
diesel-FREEZE,20,13,10,198
diesel-FREEZE,20,13,11,263
diesel-FREEZE,20,13,12,284
diesel-FREEZE,20,13,13,165
diesel-FREEZE,20,13,14,340
diesel-FREEZE,20,13,15,244
diesel-FREEZE,20,13,16,229
diesel-FREEZE,20,13,17,50
diesel-FREEZE,20,13,18,69
diesel-FREEZE,20,13,19,215
diesel-FREEZE,20,14,0,128
diesel-FREEZE,20,14,1,279
diesel-FREEZE,20,14,2,209
diesel-FREEZE,20,14,3,343
diesel-FREEZE,20,14,4,265
diesel-FREEZE,20,14,5,141
diesel-FREEZE,20,14,6,238
diesel-FREEZE,20,14,7,220
diesel-FREEZE,20,14,8,173
diesel-FREEZE,20,14,9,10
diesel-FREEZE,20,14,10,364
diesel-FREEZE,20,14,11,42
diesel-FREEZE,20,14,12,94
diesel-FREEZE,20,14,13,236
diesel-FREEZE,20,14,14,178
diesel-FREEZE,20,14,15,357
diesel-FREEZE,20,14,16,373
diesel-FREEZE,20,14,17,62
diesel-FREEZE,20,14,18,369
diesel-FREEZE,20,14,19,386
diesel-FREEZE,20,15,0,223
diesel-FREEZE,20,15,1,143
diesel-FREEZE,20,15,2,306
diesel-FREEZE,20,15,3,33
diesel-FREEZE,20,15,4,62
diesel-FREEZE,20,15,5,387
diesel-FREEZE,20,15,6,22
diesel-FREEZE,20,15,7,331
diesel-FREEZE,20,15,8,157
diesel-FREEZE,20,15,9,351
diesel-FREEZE,20,15,10,381
diesel-FREEZE,20,15,11,45
diesel-FREEZE,20,15,12,109
diesel-FREEZE,20,15,13,182
diesel-FREEZE,20,15,14,173
diesel-FREEZE,20,15,15,379
diesel-FREEZE,20,15,16,115
diesel-FREEZE,20,15,17,378
diesel-FREEZE,20,15,18,246
diesel-FREEZE,20,15,19,112
diesel-FREEZE,20,16,0,195
diesel-FREEZE,20,16,1,213
diesel-FREEZE,20,16,2,218
diesel-FREEZE,20,16,3,156
diesel-FREEZE,20,16,4,50
diesel-FREEZE,20,16,5,25
diesel-FREEZE,20,16,6,268
diesel-FREEZE,20,16,7,61
diesel-FREEZE,20,16,8,65
diesel-FREEZE,20,16,9,225
diesel-FREEZE,20,16,10,319
diesel-FREEZE,20,16,11,151
diesel-FREEZE,20,16,12,282
diesel-FREEZE,20,16,13,55
diesel-FREEZE,20,16,14,270
diesel-FREEZE,20,16,15,83
diesel-FREEZE,20,16,16,194
diesel-FREEZE,20,16,17,161
diesel-FREEZE,20,16,18,181
diesel-FREEZE,20,16,19,138
diesel-FREEZE,20,17,0,239
diesel-FREEZE,20,17,1,377
diesel-FREEZE,20,17,2,303
diesel-FREEZE,20,17,3,271
diesel-FREEZE,20,17,4,346
diesel-FREEZE,20,17,5,298
diesel-FREEZE,20,17,6,103
diesel-FREEZE,20,17,7,261
diesel-FREEZE,20,17,8,94
diesel-FREEZE,20,17,9,172
diesel-FREEZE,20,17,10,166
diesel-FREEZE,20,17,11,183
diesel-FREEZE,20,17,12,162
diesel-FREEZE,20,17,13,365
diesel-FREEZE,20,17,14,200
diesel-FREEZE,20,17,15,322
diesel-FREEZE,20,17,16,126
diesel-FREEZE,20,17,17,95
diesel-FREEZE,20,17,18,67
diesel-FREEZE,20,17,19,117
diesel-FREEZE,20,18,0,16
diesel-FREEZE,20,18,1,252
diesel-FREEZE,20,18,2,263
diesel-FREEZE,20,18,3,13
diesel-FREEZE,20,18,4,251
diesel-FREEZE,20,18,5,97
diesel-FREEZE,20,18,6,336
diesel-FREEZE,20,18,7,279
diesel-FREEZE,20,18,8,349
diesel-FREEZE,20,18,9,308
diesel-FREEZE,20,18,10,348
diesel-FREEZE,20,18,11,270
diesel-FREEZE,20,18,12,47
diesel-FREEZE,20,18,13,120
diesel-FREEZE,20,18,14,84
diesel-FREEZE,20,18,15,219
diesel-FREEZE,20,18,16,144
diesel-FREEZE,20,18,17,68
diesel-FREEZE,20,18,18,208
diesel-FREEZE,20,18,19,354
diesel-FREEZE,20,19,0,141
diesel-FREEZE,20,19,1,381
diesel-FREEZE,20,19,2,365
diesel-FREEZE,20,19,3,18
diesel-FREEZE,20,19,4,345
diesel-FREEZE,20,19,5,71
diesel-FREEZE,20,19,6,128
diesel-FREEZE,20,19,7,232
diesel-FREEZE,20,19,8,161
diesel-FREEZE,20,19,9,199
diesel-FREEZE,20,19,10,96
diesel-FREEZE,20,19,11,5
diesel-FREEZE,20,19,12,380
diesel-FREEZE,20,19,13,231
diesel-FREEZE,20,19,14,52
diesel-FREEZE,20,19,15,120
diesel-FREEZE,20,19,16,82
diesel-FREEZE,20,19,17,187
diesel-FREEZE,20,19,18,104
diesel-FREEZE,20,19,19,24
diesel-FREEZE,20,20,0,94
diesel-FREEZE,20,20,1,321
diesel-FREEZE,20,20,2,120
diesel-FREEZE,20,20,3,282
diesel-FREEZE,20,20,4,287
diesel-FREEZE,20,20,5,365
diesel-FREEZE,20,20,6,286
diesel-FREEZE,20,20,7,75
diesel-FREEZE,20,20,8,86
diesel-FREEZE,20,20,9,20
diesel-FREEZE,20,20,10,184
diesel-FREEZE,20,20,11,152
diesel-FREEZE,20,20,12,364
diesel-FREEZE,20,20,13,81
diesel-FREEZE,20,20,14,226
diesel-FREEZE,20,20,15,303
diesel-FREEZE,20,20,16,271
diesel-FREEZE,20,20,17,305
diesel-FREEZE,20,20,18,297
diesel-FREEZE,20,20,19,241
diesel-FREEZE,20,21,0,88
diesel-FREEZE,20,21,1,358
diesel-FREEZE,20,21,2,252
diesel-FREEZE,20,21,3,121
diesel-FREEZE,20,21,4,185
diesel-FREEZE,20,21,5,333
diesel-FREEZE,20,21,6,255
diesel-FREEZE,20,21,7,86
diesel-FREEZE,20,21,8,361
diesel-FREEZE,20,21,9,120
diesel-FREEZE,20,21,10,160
diesel-FREEZE,20,21,11,293
diesel-FREEZE,20,21,12,163
diesel-FREEZE,20,21,13,262
diesel-FREEZE,20,21,14,246
diesel-FREEZE,20,21,15,277
diesel-FREEZE,20,21,16,99
diesel-FREEZE,20,21,17,5
diesel-FREEZE,20,21,18,125
diesel-FREEZE,20,21,19,314
diesel-FREEZE,20,22,0,130
diesel-FREEZE,20,22,1,312
diesel-FREEZE,20,22,2,377
diesel-FREEZE,20,22,3,225
diesel-FREEZE,20,22,4,385
diesel-FREEZE,20,22,5,273
diesel-FREEZE,20,22,6,127
diesel-FREEZE,20,22,7,82
diesel-FREEZE,20,22,8,268
diesel-FREEZE,20,22,9,346
diesel-FREEZE,20,22,10,206
diesel-FREEZE,20,22,11,98
diesel-FREEZE,20,22,12,310
diesel-FREEZE,20,22,13,221
diesel-FREEZE,20,22,14,331
diesel-FREEZE,20,22,15,58
diesel-FREEZE,20,22,16,125
diesel-FREEZE,20,22,17,6
diesel-FREEZE,20,22,18,353
diesel-FREEZE,20,22,19,24
diesel-FREEZE,20,23,0,224
diesel-FREEZE,20,23,1,270
diesel-FREEZE,20,23,2,151
diesel-FREEZE,20,23,3,203
diesel-FREEZE,20,23,4,302
diesel-FREEZE,20,23,5,204
diesel-FREEZE,20,23,6,114
diesel-FREEZE,20,23,7,120
diesel-FREEZE,20,23,8,43
diesel-FREEZE,20,23,9,174
diesel-FREEZE,20,23,10,41
diesel-FREEZE,20,23,11,369
diesel-FREEZE,20,23,12,241
diesel-FREEZE,20,23,13,287
diesel-FREEZE,20,23,14,190
diesel-FREEZE,20,23,15,97
diesel-FREEZE,20,23,16,253
diesel-FREEZE,20,23,17,9
diesel-FREEZE,20,23,18,206
diesel-FREEZE,20,23,19,11
diesel-FREEZE,20,24,0,373
diesel-FREEZE,20,24,1,154
diesel-FREEZE,20,24,2,232
diesel-FREEZE,20,24,3,279
diesel-FREEZE,20,24,4,346
diesel-FREEZE,20,24,5,42
diesel-FREEZE,20,24,6,367
diesel-FREEZE,20,24,7,163
diesel-FREEZE,20,24,8,202
diesel-FREEZE,20,24,9,6
diesel-FREEZE,20,24,10,70
diesel-FREEZE,20,24,11,135
diesel-FREEZE,20,24,12,168
diesel-FREEZE,20,24,13,16
diesel-FREEZE,20,24,14,228
diesel-FREEZE,20,24,15,259
diesel-FREEZE,20,24,16,153
diesel-FREEZE,20,24,17,111
diesel-FREEZE,20,24,18,28
diesel-FREEZE,20,24,19,184
diesel-FREEZE,20,25,0,359
diesel-FREEZE,20,25,1,43
diesel-FREEZE,20,25,2,238
diesel-FREEZE,20,25,3,102
diesel-FREEZE,20,25,4,385
diesel-FREEZE,20,25,5,335
diesel-FREEZE,20,25,6,285
diesel-FREEZE,20,25,7,319
diesel-FREEZE,20,25,8,140
diesel-FREEZE,20,25,9,350
diesel-FREEZE,20,25,10,49
diesel-FREEZE,20,25,11,183
diesel-FREEZE,20,25,12,200
diesel-FREEZE,20,25,13,97
diesel-FREEZE,20,25,14,273
diesel-FREEZE,20,25,15,80
diesel-FREEZE,20,25,16,115
diesel-FREEZE,20,25,17,124
diesel-FREEZE,20,25,18,25
diesel-FREEZE,20,25,19,79
diesel-FREEZE,20,26,0,26
diesel-FREEZE,20,26,1,153
diesel-FREEZE,20,26,2,241
diesel-FREEZE,20,26,3,189
diesel-FREEZE,20,26,4,239
diesel-FREEZE,20,26,5,348
diesel-FREEZE,20,26,6,187
diesel-FREEZE,20,26,7,277
diesel-FREEZE,20,26,8,245
diesel-FREEZE,20,26,9,295
diesel-FREEZE,20,26,10,122
diesel-FREEZE,20,26,11,387
diesel-FREEZE,20,26,12,278
diesel-FREEZE,20,26,13,18
diesel-FREEZE,20,26,14,123
diesel-FREEZE,20,26,15,280
diesel-FREEZE,20,26,16,234
diesel-FREEZE,20,26,17,169
diesel-FREEZE,20,26,18,273
diesel-FREEZE,20,26,19,203
diesel-FREEZE,20,27,0,246
diesel-FREEZE,20,27,1,167
diesel-FREEZE,20,27,2,293
diesel-FREEZE,20,27,3,381
diesel-FREEZE,20,27,4,209
diesel-FREEZE,20,27,5,111
diesel-FREEZE,20,27,6,0
diesel-FREEZE,20,27,7,273
diesel-FREEZE,20,27,8,84
diesel-FREEZE,20,27,9,236
diesel-FREEZE,20,27,10,207
diesel-FREEZE,20,27,11,143
diesel-FREEZE,20,27,12,386
diesel-FREEZE,20,27,13,198
diesel-FREEZE,20,27,14,292
diesel-FREEZE,20,27,15,251
diesel-FREEZE,20,27,16,138
diesel-FREEZE,20,27,17,152
diesel-FREEZE,20,27,18,219
diesel-FREEZE,20,27,19,283
diesel-FREEZE,20,28,0,98
diesel-FREEZE,20,28,1,136
diesel-FREEZE,20,28,2,377
diesel-FREEZE,20,28,3,160
diesel-FREEZE,20,28,4,371
diesel-FREEZE,20,28,5,301
diesel-FREEZE,20,28,6,222
diesel-FREEZE,20,28,7,7
diesel-FREEZE,20,28,8,166
diesel-FREEZE,20,28,9,26
diesel-FREEZE,20,28,10,241
diesel-FREEZE,20,28,11,230
diesel-FREEZE,20,28,12,169
diesel-FREEZE,20,28,13,154
diesel-FREEZE,20,28,14,183
diesel-FREEZE,20,28,15,71
diesel-FREEZE,20,28,16,69
diesel-FREEZE,20,28,17,352
diesel-FREEZE,20,28,18,28
diesel-FREEZE,20,28,19,80
diesel-FREEZE,20,29,0,206
diesel-FREEZE,20,29,1,144
diesel-FREEZE,20,29,2,191
diesel-FREEZE,20,29,3,133
diesel-FREEZE,20,29,4,24
diesel-FREEZE,20,29,5,308
diesel-FREEZE,20,29,6,342
diesel-FREEZE,20,29,7,368
diesel-FREEZE,20,29,8,227
diesel-FREEZE,20,29,9,260
diesel-FREEZE,20,29,10,356
diesel-FREEZE,20,29,11,15
diesel-FREEZE,20,29,12,45
diesel-FREEZE,20,29,13,186
diesel-FREEZE,20,29,14,203
diesel-FREEZE,20,29,15,148
diesel-FREEZE,20,29,16,387
diesel-FREEZE,20,29,17,266
diesel-FREEZE,20,29,18,173
diesel-FREEZE,20,29,19,288
