source,target,attr,shot,rep,ANIL(mae),PI-ANIL(mae),PLS-target,PLS-m5->tgt(0shot)
m5,m5,moisture,5,0,0.6129565924362315,0.29398423355498327,-0.26944603080673324,
m5,m5,moisture,5,1,0.10046852010846674,-1.794853351870152,-0.8021304092007133,
m5,m5,moisture,5,2,0.2823529535688982,0.20342964062834767,0.3361156831861959,
m5,m5,moisture,5,3,-0.0027350597864077564,-0.3778209157341126,-0.35647449512180085,
m5,m5,moisture,5,4,-0.11911451160817088,-0.379071633422313,-0.18457076650466342,
m5,m5,moisture,5,5,0.4838223669617956,0.07988565035410344,0.3758904679382715,
m5,m5,moisture,5,6,0.37957380927704343,-0.40827108054514016,0.5302190384280313,
m5,m5,moisture,5,7,0.10425720791237336,-1.02539608276253,0.07394796102064394,
m5,m5,moisture,5,8,0.542373885485708,0.28448416352350936,0.3643413096734446,
m5,m5,moisture,5,9,0.2194462242866373,-1.11413113930542,-0.19888483767399467,
m5,m5,moisture,5,10,0.3262324085624101,-0.46942457497887147,0.2250625769994674,
m5,m5,moisture,5,11,0.4085859918761835,0.2133497225688834,0.38043916506064734,
m5,m5,moisture,5,12,0.31705110701324635,0.12361082970586201,-0.06428278883464311,
m5,m5,moisture,5,13,0.06354890139789127,-0.3821091918666468,-0.6761485887400032,
m5,m5,moisture,5,14,-0.47977075933052604,-0.16304628177933456,0.4269059130345938,
m5,m5,moisture,5,15,0.4373224237519602,0.018373498737022764,-0.2525848887992883,
m5,m5,moisture,5,16,-0.08806421596665759,0.5944283034160149,-0.016466200485178106,
m5,m5,moisture,5,17,-0.2991809360021105,-0.7456405022841475,-1.3289262864812952,
m5,m5,moisture,5,18,-0.39872166045089497,-6.230335603371244,-6.203480783021981,
m5,m5,moisture,5,19,-0.8533981069837486,-3.4210842599575217,-1.5101303181111319,
m5,m5,moisture,5,20,0.3082472003611465,-1.7915031428908095,-1.2557238027684732,
m5,m5,moisture,5,21,0.4667470285913875,-0.014115874106107595,0.10783107500270295,
m5,m5,moisture,5,22,0.22579106745630562,0.13834586209150324,0.4378129584215795,
m5,m5,moisture,5,23,0.43206175515391065,0.47829872265680906,0.08010354076797788,
m5,m5,moisture,5,24,0.32332732789746854,-0.20543507569004982,0.46433960545620456,
m5,m5,moisture,5,25,0.6601910095530517,0.021041937201664696,0.09272506303458306,
m5,m5,moisture,5,26,-2.1451659100049394,-0.363949462006423,-2.879992373272274,
m5,m5,moisture,5,27,-2.029008896923676,-0.46423891107864335,-3.1891363044213943,
m5,m5,moisture,5,28,0.39563554852231375,0.3118006521461034,0.045720957559787334,
m5,m5,moisture,5,29,0.6076290186096649,-0.28420600053187095,0.2701372329688049,
m5,m5,moisture,10,0,-0.29347095167435255,-0.01008289238323301,-0.04078707122922953,
m5,m5,moisture,10,1,0.46302795236328465,0.390197631893776,0.17300803878332915,
m5,m5,moisture,10,2,0.5558609712546954,0.613543960089639,0.17053609796370706,
m5,m5,moisture,10,3,0.6578690387172943,0.40395151111966354,0.5462897944205056,
m5,m5,moisture,10,4,0.5964967014033542,-0.369383989472716,0.4207920117525914,
m5,m5,moisture,10,5,0.18569996188249338,0.4432425959060954,0.40456794060111523,
m5,m5,moisture,10,6,0.4392601589723646,-0.02072898472579565,-0.8884769175114018,
m5,m5,moisture,10,7,0.39822439232833495,0.6083702129186416,0.19561617325641734,
m5,m5,moisture,10,8,0.49305772461474273,-0.09039619282620248,0.6252877702650881,
m5,m5,moisture,10,9,0.507664892000105,0.3961376749128628,0.6715993056350188,
m5,m5,moisture,10,10,0.35247417943188697,0.07833548933048107,-1.116539177464153,
m5,m5,moisture,10,11,0.5127589195854827,0.5157320562999534,0.6275623799590113,
m5,m5,moisture,10,12,0.3118452898657461,0.3615238260543401,0.5503698127258907,
m5,m5,moisture,10,13,0.5284953231666824,0.6314501829337084,0.5222586682865132,
m5,m5,moisture,10,14,0.6157696786176373,0.4619647959245846,0.4323266207338128,
m5,m5,moisture,10,15,0.021216596860636705,0.19865377780344728,0.6568056007003609,
m5,m5,moisture,10,16,0.49589549688498247,0.5563744326955768,0.4241602228420648,
m5,m5,moisture,10,17,0.14367611678992032,0.14676603627946594,0.360623169793175,
m5,m5,moisture,10,18,0.4746114929843307,0.40842899340465744,0.3828324798677143,
m5,m5,moisture,10,19,0.5811357701049925,0.448080346322129,0.7841148137777724,
m5,m5,moisture,10,20,0.5610844168889368,0.5595877120402799,0.515330255494127,
m5,m5,moisture,10,21,0.4521153950390504,0.4667682898000466,0.6164038751984466,
m5,m5,moisture,10,22,0.6704386028822373,0.7460809534843555,0.4209439025678132,
m5,m5,moisture,10,23,0.5452945426848952,0.4383652363386521,0.3701834791805505,
m5,m5,moisture,10,24,0.6135118600958367,0.36038935771749914,0.7408440003118684,
m5,m5,moisture,10,25,0.11375475846680194,0.038709179255490445,-0.12406399030677906,
m5,m5,moisture,10,26,0.40557660877895174,0.42085690520708663,0.4817326015464062,
m5,m5,moisture,10,27,0.4117346199341555,0.3124577730358121,0.33186221451610065,
m5,m5,moisture,10,28,0.46686358425195307,0.5719609207438721,0.5009145946467499,
m5,m5,moisture,10,29,0.5284124823947588,0.6010128145784174,0.5357526274999953,
m5,m5,moisture,20,0,0.5683447022519719,0.6306306196118474,0.5687826877626478,
m5,m5,moisture,20,1,0.624576588020002,0.3876477617833969,0.6925762543861558,
m5,m5,moisture,20,2,0.6174908773231997,0.6737010260150924,0.6794520153848285,
m5,m5,moisture,20,3,0.44450371933478094,0.5362933613443546,0.8060646703484273,
m5,m5,moisture,20,4,0.6568234252809421,0.6528549512774904,0.2141308772190389,
m5,m5,moisture,20,5,0.625638376705191,0.6912252522166914,0.7876649343146637,
m5,m5,moisture,20,6,0.5848665058744762,0.7061500741716707,0.44727404494072776,
m5,m5,moisture,20,7,0.7628729990053478,0.705358145186328,0.784758845517257,
m5,m5,moisture,20,8,0.5256499578295297,0.5918681974928977,0.5683905350755618,
m5,m5,moisture,20,9,0.5260184635815794,0.6383769461278133,0.8050275480595086,
m5,m5,moisture,20,10,0.5466737473013086,0.688756045642762,0.742365969344384,
m5,m5,moisture,20,11,0.6753806378248641,0.7462871703096959,0.6424074149423114,
m5,m5,moisture,20,12,0.7090956009161296,0.5925441836112797,0.5681521693602728,
m5,m5,moisture,20,13,0.5477299089661491,0.5575294292163046,0.5964994951418381,
m5,m5,moisture,20,14,0.6973824413059462,0.65376992373291,0.6935134505334729,
m5,m5,moisture,20,15,0.40683740858461603,0.5529882683125131,0.723977987418496,
m5,m5,moisture,20,16,0.7196996670803965,0.6329120675814598,0.7577834377547044,
m5,m5,moisture,20,17,0.707406588603779,0.730705577046127,0.7485723219804621,
m5,m5,moisture,20,18,0.7222800185763925,0.6547005693736103,0.7993677588270871,
m5,m5,moisture,20,19,0.6837218304298229,0.6878363588441964,0.8002503610421,
m5,m5,moisture,20,20,0.36593468684537034,0.43112393045314235,0.5236239296285026,
m5,m5,moisture,20,21,0.5515259872514926,0.6711675739242209,0.8173397646358075,
m5,m5,moisture,20,22,0.5776555999439565,0.5950809837856414,0.7681709452310402,
m5,m5,moisture,20,23,0.6653685471110545,0.6530935172946601,0.7105721246820577,
m5,m5,moisture,20,24,0.587257810092187,0.6418253116235846,0.791071300141463,
m5,m5,moisture,20,25,0.5448798184975838,0.4145053110612138,0.6157924451183518,
m5,m5,moisture,20,26,0.6013003343051135,0.6633999748043822,0.5238656341674455,
m5,m5,moisture,20,27,0.6039097561155251,0.6472119741427731,0.7402201207790823,
m5,m5,moisture,20,28,0.6872517717607703,0.7304630715327326,0.47622067859869444,
m5,m5,moisture,20,29,0.6408748278417737,0.5408679100604588,0.6769843452836548,
m5,mp5,moisture,5,0,0.4339527453577777,-0.06320168415121241,-0.38053136575432056,-35.950531685151816
m5,mp5,moisture,5,1,-0.12302892309197677,-0.5743432598489286,-0.29375200002014346,-35.78577514483561
m5,mp5,moisture,5,2,0.24681534272858818,0.15429377551965584,0.08514184566529603,-33.61773849105416
m5,mp5,moisture,5,3,0.047137526191708634,-0.41040186690118485,-0.4426493469758481,-38.37564630626258
m5,mp5,moisture,5,4,-0.8751533210894511,-1.322491728749255,-0.3057808220352798,-35.16632689610767
m5,mp5,moisture,5,5,-0.934894011331691,-0.2870633717689475,0.04079249161899701,-34.59888191224662
m5,mp5,moisture,5,6,0.056882993374729574,-0.2283443310382498,0.2438459284961909,-34.101462331873506
m5,mp5,moisture,5,7,-1.594672630257541,-2.3628177945790187,-0.7934017559541113,-35.75833205538862
m5,mp5,moisture,5,8,-0.2971356687860389,-0.516742221997017,-0.10862425148364241,-34.38060802800232
m5,mp5,moisture,5,9,0.31872624882632783,-1.4593080534554561,-0.8988024637430059,-39.13740664319636
m5,mp5,moisture,5,10,0.36565900475933133,0.3278171047528803,0.23058431208074337,-35.3955674169025
m5,mp5,moisture,5,11,0.09445539284452875,0.11276460194608373,0.20453524054860572,-36.540816116638496
m5,mp5,moisture,5,12,0.27340628947590306,0.2769555745935002,0.20633207280535437,-33.79188449907341
m5,mp5,moisture,5,13,-0.35145166234435066,-0.13658048977740922,-0.4728979445470769,-35.436733796354844
m5,mp5,moisture,5,14,-0.43350473473891915,-0.6750504562647097,-0.47164751492362056,-36.23541368288941
m5,mp5,moisture,5,15,0.13736774537842011,-0.32987922316592466,0.13465275409408073,-34.04633427684399
m5,mp5,moisture,5,16,0.1531036171660699,0.1183802885127081,-0.7632182139054644,-36.349733361670665
m5,mp5,moisture,5,17,-0.7719031483081258,-0.9185967891026299,-1.1390185100171952,-36.15379928670101
m5,mp5,moisture,5,18,-1.0097190322460605,-6.287681308588973,-2.440265060212971,-38.071404167723635
m5,mp5,moisture,5,19,-0.5256917672131098,-2.376616859579259,0.08155852365758465,-37.1699799471458
m5,mp5,moisture,5,20,-0.5812331693961035,-1.2688776275446854,-0.046617121982823306,-33.46339569041036
m5,mp5,moisture,5,21,-0.19702505798651426,-0.220193140231699,-0.22437787207480353,-37.47128266086735
m5,mp5,moisture,5,22,-0.028487548820369746,0.17689555980702554,0.3119483947893851,-33.65007996084947
m5,mp5,moisture,5,23,0.03582217866134396,-2.1020853205049743,-0.022100234771119442,-33.16337841014336
m5,mp5,moisture,5,24,0.22154693532697,0.41159629811071996,0.23667794648021823,-36.50723779362151
m5,mp5,moisture,5,25,-0.6047572103299725,0.05766865292096246,-1.3749637047914152,-36.01217455700974
m5,mp5,moisture,5,26,-2.06537806170178,-1.5699309934963424,-2.646925492437044,-34.4156886224629
m5,mp5,moisture,5,27,-1.7562239379013933,-2.453428733037358,-2.9908734669394037,-36.602732326438115
m5,mp5,moisture,5,28,0.2862871955755002,-0.1476313885669367,-0.2235252114021573,-35.560158097950065
m5,mp5,moisture,5,29,-1.2438870989833926,-1.3238647571674416,0.19770220084335266,-34.3272161651869
m5,mp5,moisture,10,0,-0.25148633524305186,-0.16155618376792047,0.059659650298592326,-38.90140611964809
m5,mp5,moisture,10,1,0.12609126694058626,0.17834611822011237,0.12180959296793692,-35.28547163641248
m5,mp5,moisture,10,2,0.24267635566951828,0.33339140057095784,0.17930183884345208,-35.3332874032393
m5,mp5,moisture,10,3,0.4499429535682019,0.3258379621784797,0.14291952450511924,-34.89630087144593
m5,mp5,moisture,10,4,0.48678993372615365,-0.25138079420218173,-4.407645551965266,-33.50853917107655
m5,mp5,moisture,10,5,0.33370225563946654,0.454458979983131,0.3480024894108661,-34.684811439967596
m5,mp5,moisture,10,6,0.25103746540685057,-0.2134178013247432,-1.6240235227627418,-32.490902359946155
m5,mp5,moisture,10,7,0.36404721757839087,0.45728178119005414,0.0007768141486912405,-37.41741535223127
m5,mp5,moisture,10,8,0.25227000801229404,0.0810888399415376,0.10293641590819269,-34.479228263464876
m5,mp5,moisture,10,9,0.252011243156972,-0.020420829138195762,0.0513193677877124,-32.75274020371872
m5,mp5,moisture,10,10,-0.9912928603333324,-1.051126939614663,-2.0197196475323484,-33.87730439702488
m5,mp5,moisture,10,11,0.3599869899301821,0.3726435494649395,0.4249700641785804,-34.343557845250736
m5,mp5,moisture,10,12,0.07541206452633964,0.11611172642534595,0.01096747122645747,-35.823524005392834
m5,mp5,moisture,10,13,0.44625122284306307,-0.04746196280994219,-0.0019369673083069472,-34.44994192020407
m5,mp5,moisture,10,14,0.3769106383854398,0.31767580149285213,-0.06070228713635584,-33.82932964622968
m5,mp5,moisture,10,15,-0.3708443216170092,-0.2959095290166307,-0.5151526430143283,-35.52242099323551
m5,mp5,moisture,10,16,0.2895491021156483,0.39102551662649054,0.26089744696877937,-34.375301280928795
m5,mp5,moisture,10,17,0.30015580693484345,0.23397558014026199,-0.7746748905995597,-34.80946188537375
m5,mp5,moisture,10,18,0.31131881470597,0.2927031003137911,0.4577889221407989,-32.950260249836816
m5,mp5,moisture,10,19,0.42551245993937226,0.27538518291755776,0.32872056574454733,-35.14447734294074
m5,mp5,moisture,10,20,0.2735602453705207,0.0781455211488481,-0.24486537734937874,-33.70908102405155
m5,mp5,moisture,10,21,0.14048380612332956,0.11366909969168149,0.4531319154953912,-35.37998797682845
m5,mp5,moisture,10,22,0.6142119185128497,0.47356056498112764,0.5898187259933808,-35.13067853457397
m5,mp5,moisture,10,23,0.12627543337415525,-0.21902491899363197,-0.4744802213335313,-34.11300505323145
m5,mp5,moisture,10,24,0.13946388544417299,0.07766546189100942,0.272088325268398,-36.377038028914505
m5,mp5,moisture,10,25,-0.6592139350552841,-0.015860343345318384,-0.953329080479042,-34.172921336388924
m5,mp5,moisture,10,26,0.2211092466823219,0.05650595588545049,-0.20142995179693113,-38.99560300286779
m5,mp5,moisture,10,27,-0.23538076809738873,0.08491842304891795,-0.48990487776592406,-35.43963762221123
m5,mp5,moisture,10,28,0.26740942778764,0.498899405854493,-0.30274422547462154,-34.27916611043099
m5,mp5,moisture,10,29,0.314366193399511,0.29247309321815984,0.1354720232815544,-33.29937513074941
m5,mp5,moisture,20,0,0.47144254827923404,0.44405887403876243,0.3342325361836884,-35.50155886442022
m5,mp5,moisture,20,1,0.26432324971267596,-0.02731293115533928,-0.5388551363665313,-33.29843542331283
m5,mp5,moisture,20,2,0.4049678934647557,0.43408927980480816,0.4214252146872044,-37.340199791722874
m5,mp5,moisture,20,3,0.20341240828851703,0.2925708364256875,0.38922953928617365,-38.40830155758932
m5,mp5,moisture,20,4,0.44831953290783755,0.4850921021154522,0.6624747356581214,-36.89181220542088
m5,mp5,moisture,20,5,0.4046808853492315,0.4388165258594843,0.638434992889436,-36.30865218522606
m5,mp5,moisture,20,6,0.4000341432297827,0.40798305838956506,0.35942195479477923,-35.91344008896064
m5,mp5,moisture,20,7,0.5995223250647905,0.3398879763901259,-0.7463120353506429,-35.58729481495767
m5,mp5,moisture,20,8,0.45985914392009386,0.5736467856424385,0.1439036972680452,-37.19590456319405
m5,mp5,moisture,20,9,0.4013291545121337,0.24343047282347918,0.2566254284557322,-38.08082042449365
m5,mp5,moisture,20,10,0.5701301036422377,0.630065091577622,0.7287178995009889,-34.760166623649546
m5,mp5,moisture,20,11,0.5208758503323949,0.6009245303400246,0.4814815872733281,-34.83484728555045
m5,mp5,moisture,20,12,0.4729906334951265,0.38853708022908795,0.4075351864107505,-34.302475709803645
m5,mp5,moisture,20,13,0.2951442253980957,0.40712322842403503,0.4130968475671353,-36.823664816611306
m5,mp5,moisture,20,14,0.5388892286374386,0.43081727277544035,0.5019355874912261,-41.058462212376405
m5,mp5,moisture,20,15,0.18963563087561663,0.4967110734849276,-0.30893106559336636,-37.67442006147031
m5,mp5,moisture,20,16,0.5076521763902112,0.38779911519582666,-0.25581736622120155,-39.0779506016611
m5,mp5,moisture,20,17,0.6189558761371927,0.5726639531672513,0.6736367918047254,-34.70161902819682
m5,mp5,moisture,20,18,0.6042840710953324,0.561570418150048,0.5850797459936505,-34.94342435161877
m5,mp5,moisture,20,19,0.4087586554553718,0.3071556732572789,0.5935973100981946,-35.09615040277539
m5,mp5,moisture,20,20,0.2536589237481417,0.3279796861526313,0.4433409908092343,-32.457468335229585
m5,mp5,moisture,20,21,0.45994989507512507,0.4775546338542651,0.320450955469444,-34.37709808741896
m5,mp5,moisture,20,22,0.349998348380432,0.4205985061930445,0.26284912547624784,-33.69255751111482
m5,mp5,moisture,20,23,0.43464339657797324,0.35931843358748483,-0.3906144364485129,-39.50432211758304
m5,mp5,moisture,20,24,0.4799516457270607,0.4152396452315984,0.41710309985909466,-34.13288040804485
m5,mp5,moisture,20,25,0.09578934987436116,-0.07634641352728866,-0.1412309776784222,-30.502993665384334
m5,mp5,moisture,20,26,0.4630201331205621,0.49664466556654097,0.38397145736113425,-31.51945822779078
m5,mp5,moisture,20,27,0.3150025389115211,0.26557244635908506,0.4633157127654074,-39.40392902041112
m5,mp5,moisture,20,28,0.3306928326511628,0.3824613813206784,0.06687113031547254,-35.4632091394909
m5,mp5,moisture,20,29,0.4010041728797853,0.2817634710028679,0.38618233636981225,-33.103400872733395
m5,mp6,moisture,5,0,0.44347664154228283,-0.050614172078220276,-0.500956770865782,-33.51110776332161
m5,mp6,moisture,5,1,-0.0034706867616818293,-2.0842975511636705,-0.33443952956747025,-33.19167832990814
m5,mp6,moisture,5,2,0.2670498140580909,0.20561138698894466,0.09175352502065492,-31.081943636707564
m5,mp6,moisture,5,3,-0.14267687589330413,-0.2514327653406041,-0.5563468744731572,-35.68870176550021
m5,mp6,moisture,5,4,-0.6993664970997997,-1.6811218527174714,-0.31645210108733357,-32.69722963240069
m5,mp6,moisture,5,5,-1.155232760140552,-1.3429690190346841,0.07049859737982134,-32.04424404830986
m5,mp6,moisture,5,6,-0.17320278598650596,-1.2539864460200745,0.27458009556045915,-31.68188152062819
m5,mp6,moisture,5,7,-2.867690385742297,-1.6872244226393858,-0.6185450741052834,-33.26386562051499
m5,mp6,moisture,5,8,0.11040541690724992,-1.2579882771398156,-0.05459218553508083,-31.964178088197777
m5,mp6,moisture,5,9,-1.212219828375972,-1.278684818330925,-5.1134669460913145,-36.41634289369718
m5,mp6,moisture,5,10,0.035695578467554556,-0.4271747250859095,0.1448302950295558,-33.05721092094717
m5,mp6,moisture,5,11,0.09966806244560766,0.0672916199882414,0.04714176897298605,-33.905665332369615
m5,mp6,moisture,5,12,0.27366787884793053,0.29679693330949963,-0.07389266600351974,-31.320292084193312
m5,mp6,moisture,5,13,-0.5001139584811793,-0.29530314961976845,-0.5355352201605386,-32.955480771384046
m5,mp6,moisture,5,14,-0.0020231492683331354,-0.18422050090293762,-0.45322950464880973,-33.7472843260415
m5,mp6,moisture,5,15,-0.13726707154190687,0.011058927386415562,0.10334620515506743,-31.568249743265667
m5,mp6,moisture,5,16,0.17239768226900998,0.2961769774495566,-0.5805792752265417,-33.74008434464692
m5,mp6,moisture,5,17,-0.7346396218878086,-0.9183862043182833,-1.081659816842826,-33.61392216763463
m5,mp6,moisture,5,18,-1.1697131333534232,-12.43157986997069,-2.1171275871634516,-35.45495190786462
m5,mp6,moisture,5,19,0.014366145375943384,-2.4445700731031814,0.08667887864934198,-34.525224323820986
m5,mp6,moisture,5,20,-0.57740363000458,-1.3408551505371333,-0.042503344834782464,-30.999673797642142
m5,mp6,moisture,5,21,-0.017522766991998173,-0.3367638396210759,-0.2105996343721479,-34.8365286294467
m5,mp6,moisture,5,22,0.15025877757682116,0.1083945100011513,0.23394552076742126,-31.15300471522675
m5,mp6,moisture,5,23,-0.18039699859737168,-1.6829054458145567,-0.040722942410997165,-30.664804374354574
m5,mp6,moisture,5,24,0.3446137547907897,0.28083672701291784,0.25526519299475303,-33.88218414653828
m5,mp6,moisture,5,25,-0.4397266008944434,-0.20305319127656207,-1.17033733305467,-33.39657308157894
m5,mp6,moisture,5,26,-1.8707074521082028,-1.712184958477104,-2.812939384068907,-31.73969622176574
m5,mp6,moisture,5,27,-2.159900718122433,-1.0096363733237799,-2.6232257760064117,-33.96591530682209
m5,mp6,moisture,5,28,0.2647895648513232,-0.3578159818050748,-0.44509929950832405,-33.01718955941217
m5,mp6,moisture,5,29,0.0524123479204448,-1.88755965356413,0.18831768670580007,-31.978056673589023
m5,mp6,moisture,10,0,-0.48811825022415034,-0.15815113446002327,-1.7257977305469674,-36.20920537688476
m5,mp6,moisture,10,1,0.1298527302916922,0.13888714834793192,0.09201480858666022,-32.92421568753293
m5,mp6,moisture,10,2,0.045950212848818284,0.3213825023109135,0.20238937841469307,-32.84063567974211
m5,mp6,moisture,10,3,0.48026621673603953,0.39009767757975433,0.09923875629185519,-32.396576890859336
m5,mp6,moisture,10,4,0.4678613124054063,-0.05930520389918792,-2.743524238226669,-31.01976009086851
m5,mp6,moisture,10,5,0.4021265839821301,0.41044418078255707,0.39949820234755296,-32.07304142427059
m5,mp6,moisture,10,6,0.26113493782294994,-0.32439970314507427,-0.06662991731264989,-30.20342295079282
m5,mp6,moisture,10,7,0.31701315442316336,0.3389931300982081,-0.1720630138652821,-34.7778114019085
m5,mp6,moisture,10,8,0.35155272587571906,-0.008366363433107704,0.1638734966125177,-31.919594370177556
m5,mp6,moisture,10,9,0.19911321845729668,-0.10779220907381637,0.04827905670534749,-30.26535742969466
m5,mp6,moisture,10,10,-1.1579036812778734,-0.6376896200816438,-0.9376712227780744,-31.460253053846344
m5,mp6,moisture,10,11,0.3240651167444262,0.26623442193339564,0.44372749782177423,-31.862468426581863
m5,mp6,moisture,10,12,0.15533710234271592,0.003954986343146061,0.017098720735179262,-33.277046399159175
m5,mp6,moisture,10,13,0.26225371769323325,-0.16830158808903395,-0.10823977247140593,-32.15469795132372
m5,mp6,moisture,10,14,0.3974336590640668,0.3773353533892715,-0.07241600671088944,-31.339324804512167
m5,mp6,moisture,10,15,-0.3439912416415756,0.07928030997863966,-0.46181345782648187,-33.0819633111738
m5,mp6,moisture,10,16,0.2833607391723093,0.31304287503343586,0.23017943370550242,-31.937732481156928
m5,mp6,moisture,10,17,0.20775403973904438,0.21888108705778797,0.19883071809823039,-32.2249429531818
m5,mp6,moisture,10,18,0.3299807158190715,0.33083129025409885,0.16243574671367877,-30.762013229130385
m5,mp6,moisture,10,19,0.3163729429236434,0.3204420582513299,-0.19511529331801225,-32.79155201500353
m5,mp6,moisture,10,20,0.09562782294454963,0.13281512189540445,-0.8112614767330442,-31.393574956364468
m5,mp6,moisture,10,21,0.2105121470270035,0.10559767487406391,0.43234502084221116,-32.89447445158436
m5,mp6,moisture,10,22,0.5310150063242858,0.4482493215614972,0.12434517392290378,-32.51407592024005
m5,mp6,moisture,10,23,-0.12121489957071785,-0.305306983089803,-1.4946652651456662,-31.732662652768923
m5,mp6,moisture,10,24,0.061655403723698154,0.15608528222857232,0.1518120456738823,-33.8886805354889
m5,mp6,moisture,10,25,-0.5264589463660625,-0.08865486282128132,-0.1377549815311776,-31.78015572202986
m5,mp6,moisture,10,26,-0.05143308880902708,0.1723347539638025,-0.42233343053613615,-36.15547469101527
m5,mp6,moisture,10,27,-0.004464210417182146,-0.025864046095665394,-0.3232363441473691,-33.08309740772912
m5,mp6,moisture,10,28,0.32215893389460204,0.09521131421230655,0.5982086065900503,-31.824642552859657
m5,mp6,moisture,10,29,0.3340056928672599,0.23109260595406378,-0.3198125657342097,-30.95833831552721
m5,mp6,moisture,20,0,0.441750140675893,0.40644814881683,0.31984353096310925,-33.09318821824383
m5,mp6,moisture,20,1,0.10394531120294326,0.11870643794992786,0.0010296550881246924,-30.95500767588906
m5,mp6,moisture,20,2,0.4397256486807841,0.454001353542825,-0.330654478779697,-34.86733335811276
m5,mp6,moisture,20,3,0.3332595995552826,0.37786674537842546,0.44623090286319833,-35.74975225767877
m5,mp6,moisture,20,4,0.42436535181363855,0.46397709584365665,0.3044180829996108,-34.35884698226615
m5,mp6,moisture,20,5,0.22613337598499306,0.3771843210791437,0.38282600769970343,-33.22378500771925
m5,mp6,moisture,20,6,0.3997955049584957,0.452148914220282,0.1437425630698147,-33.22319850850523
m5,mp6,moisture,20,7,0.49818807295911893,0.26926869595249325,0.053470988260902685,-32.92275267998088
m5,mp6,moisture,20,8,0.44670438774424637,0.5180842781784194,-0.02790458933657458,-34.68115888776076
m5,mp6,moisture,20,9,0.34308624195225057,0.30810367915596715,0.09462869335010515,-35.38357302987335
m5,mp6,moisture,20,10,0.5626829197826411,0.6079510017441916,0.4573727053902482,-32.136175988062504
m5,mp6,moisture,20,11,0.5813614405818608,0.5804468865121255,0.5805730081098315,-32.40174660823798
m5,mp6,moisture,20,12,0.4842128226783109,0.43480209572450845,0.4667542333139214,-32.24234806460704
m5,mp6,moisture,20,13,0.35663085630676716,0.4022166252317094,-0.3620177513211975,-34.089072905732216
m5,mp6,moisture,20,14,0.5034431759482574,0.49322299448719586,0.4854019258932484,-38.1385943378414
m5,mp6,moisture,20,15,0.1904560621500746,0.49329716628823894,-0.33439314341312576,-35.37760948966405
m5,mp6,moisture,20,16,0.484167688316828,0.4228630655348343,-0.4895946767927506,-36.218637766866166
m5,mp6,moisture,20,17,0.6183350467334199,0.5482124956196628,0.5566677412545977,-32.27723305770727
m5,mp6,moisture,20,18,0.5059086839791811,0.49443282628504104,0.5214527943514868,-32.41836735799464
m5,mp6,moisture,20,19,0.33289637805305905,0.2910651576214808,0.47609999889634325,-32.65116592342816
m5,mp6,moisture,20,20,0.3343902908216898,0.3155369396241059,0.24731929547098386,-29.943882746997
m5,mp6,moisture,20,21,0.42353046394354377,0.4763124820457394,0.3142375949407784,-31.79043944675187
m5,mp6,moisture,20,22,0.38655699553720135,0.4308591414236125,0.11108731418905571,-31.31651984901167
m5,mp6,moisture,20,23,0.3840537198839845,0.37645877961432406,-0.43009537637848516,-36.886878255366646
m5,mp6,moisture,20,24,0.5584065214720324,0.3316699829338955,0.36312962196948917,-32.03966858784012
m5,mp6,moisture,20,25,0.19255886593170124,-0.13916998114851342,0.3433569044881848,-28.401801537681724
m5,mp6,moisture,20,26,0.4726512402448311,0.48671923528864214,0.4274960277716754,-29.194193592441188
m5,mp6,moisture,20,27,0.33778145169511853,0.23821804157560278,0.26075516600414206,-36.38213974011489
m5,mp6,moisture,20,28,0.15885228191475131,0.38854341251470026,-0.9776719755313747,-33.12895209984924
m5,mp6,moisture,20,29,0.3999764422565437,0.3327337490046648,0.34232770328499273,-30.908899704387412
m5,m5,oil,5,0,-0.783822081433609,-0.7710319051145382,-1.238620113007527,
m5,m5,oil,5,1,-0.21271859415119887,-2.4019979961861715,-0.9040122251796505,
m5,m5,oil,5,2,-0.7187660558236879,-0.07384715945456954,-0.2216938143594498,
m5,m5,oil,5,3,-0.15271267439978442,-0.44483999357555626,-0.40804044038035814,
m5,m5,oil,5,4,-0.15275377228508935,-2.451591514539942,-0.10596310435757239,
m5,m5,oil,5,5,-0.2602913854592144,-0.5940065258648097,-0.869602884200491,
m5,m5,oil,5,6,0.3238706696735921,0.42841046198731936,-0.010714483305016342,
m5,m5,oil,5,7,-0.736556000477709,-0.7979238653601572,-1.1768045284837596,
m5,m5,oil,5,8,-0.47936990432817383,-1.2537115056093509,-1.8538516206656999,
m5,m5,oil,5,9,-0.4144959401760846,-0.05949919105680146,-0.059543929852830635,
m5,m5,oil,5,10,0.10506490259135726,-0.4132393723737595,0.0011545448525090984,
m5,m5,oil,5,11,0.579587665388279,0.47239118925413304,-0.1351105360949416,
m5,m5,oil,5,12,-0.30642252412211257,-0.17081529953888652,-0.7679789179293977,
m5,m5,oil,5,13,0.20594104258045165,-0.35328993033562917,0.2729175911429794,
m5,m5,oil,5,14,0.05982814071812004,0.2409969563828177,-0.27665887716614557,
m5,m5,oil,5,15,-0.03849508428840198,-3.147228525570182,-1.4436125485578861,
m5,m5,oil,5,16,0.04425965852769875,-1.0075996462866033,-0.16581752197612998,
m5,m5,oil,5,17,-0.34885602208215327,-0.06057010269152574,-1.3465804287882102,
m5,m5,oil,5,18,-3.1506234034809397,-0.7948333875216049,-2.9083329989674733,
m5,m5,oil,5,19,-0.342414718650333,0.28711210928762265,-0.8717209916781501,
m5,m5,oil,5,20,0.11796982989708749,0.1932765541468895,-0.5247159497536884,
m5,m5,oil,5,21,-0.18052171215882962,-0.48160416997926303,-0.12823550548950058,
m5,m5,oil,5,22,-0.3562707644822132,-0.18038768576330244,-1.1765212820378852,
m5,m5,oil,5,23,0.14259089849384665,0.46037758213318003,-1.8441890306520663,
m5,m5,oil,5,24,0.08127012414408652,-1.4648171712247602,-0.27555970367991733,
m5,m5,oil,5,25,-1.6833879243250158,-1.0563489129388288,-0.5380748607175723,
m5,m5,oil,5,26,0.36590903366116223,0.4672550408105799,-0.3318910720543442,
m5,m5,oil,5,27,0.061403765983591097,-0.5798292236217861,-2.062704387559326,
m5,m5,oil,5,28,-1.2473800132814383,-0.5595420170970529,-0.7070342832633851,
m5,m5,oil,5,29,-0.577814261292249,0.25452777782579983,-1.2363068362476568,
m5,m5,oil,10,0,0.5966923038596448,0.6441427068336505,-0.4369428695407518,
m5,m5,oil,10,1,0.37019346593764946,0.37248251569181523,0.575940737975775,
m5,m5,oil,10,2,0.12883683084342534,0.3235625185366027,-0.6458589462030546,
m5,m5,oil,10,3,0.47018308188543056,0.4683354431261305,0.4938289755795249,
m5,m5,oil,10,4,0.1315973572472412,0.33614663294742464,-0.46028091292965256,
m5,m5,oil,10,5,0.5040573487551305,0.6570121920089936,0.4133611247254586,
m5,m5,oil,10,6,0.21446189877957533,0.3346000504062415,0.07676426923709956,
m5,m5,oil,10,7,0.5687647374960243,0.4523036786317707,0.5498121150771995,
m5,m5,oil,10,8,0.09891605840365492,0.5027436637106748,0.040723786357071634,
m5,m5,oil,10,9,0.05411587112764482,0.4518574217863125,-0.9818846741245602,
m5,m5,oil,10,10,0.2171649550677509,0.3960558613810682,-0.2403717648317112,
m5,m5,oil,10,11,0.26149428045129086,0.4847586006929072,0.3969438762602808,
m5,m5,oil,10,12,0.3627322077840276,0.3244556279149886,-0.41815748745475867,
m5,m5,oil,10,13,0.45212293034299933,0.5502574143625646,0.5245832103916643,
m5,m5,oil,10,14,-0.08944457716407928,-0.10177333761319107,-0.2687028024116862,
m5,m5,oil,10,15,-0.3021599609498524,-0.043235921261415955,0.07135558110385076,
m5,m5,oil,10,16,0.49292414811721463,0.49346615208479894,0.300150902861432,
m5,m5,oil,10,17,-0.21129049869045646,0.2365575942682948,0.3915211626763804,
m5,m5,oil,10,18,0.1492859715836481,0.5553055517534949,0.552030521505245,
m5,m5,oil,10,19,0.12456922026575645,0.31630280385270515,0.11203797559173378,
m5,m5,oil,10,20,0.43909931970741545,0.3586823438173786,-0.249865607714453,
m5,m5,oil,10,21,-0.09268180159644923,-0.5909564729952566,0.2592296131735222,
m5,m5,oil,10,22,0.2775979911054818,0.16944349812095083,0.19092924267617173,
m5,m5,oil,10,23,0.5258278989883569,0.5691585730182529,0.31373275511521304,
m5,m5,oil,10,24,0.1837297360015786,0.15228197789400544,0.38418949075529396,
m5,m5,oil,10,25,0.33665205477911875,0.19885169261608748,0.16633161463186474,
m5,m5,oil,10,26,0.4945152581417138,0.6258059870566578,0.358874974284743,
m5,m5,oil,10,27,0.18925181217022924,0.4603359025142827,-0.6865184153839066,
m5,m5,oil,10,28,0.518002043593746,0.4695706441178742,0.5808176096806024,
m5,m5,oil,10,29,0.19907453934900088,-0.11574431322754264,0.2998706266709297,
m5,m5,oil,20,0,0.5630964958328213,0.6819000215164033,0.02578126538386316,
m5,m5,oil,20,1,0.5859140670669445,0.6169333942051454,0.6809098758376433,
m5,m5,oil,20,2,0.6053096907807682,0.6997471081138216,-0.16384866111735463,
m5,m5,oil,20,3,0.5444308958723203,0.6094924135500617,0.20247690876287028,
m5,m5,oil,20,4,0.6328675418631532,0.5205469368662365,0.37953851441647446,
m5,m5,oil,20,5,0.5826929275460861,0.6462947794715799,0.601932322252488,
m5,m5,oil,20,6,0.556816095250154,0.7202886458618846,0.13623040940195208,
m5,m5,oil,20,7,0.6054995845707373,0.6237003339767058,0.5051016422978416,
m5,m5,oil,20,8,0.5663201228178547,0.6602464088954767,0.5827870245441595,
m5,m5,oil,20,9,0.41692440408355813,0.6209465562715237,0.5413391498710898,
m5,m5,oil,20,10,0.5709043256932353,0.6653951100235118,0.5384256092143449,
m5,m5,oil,20,11,0.5371344110131206,0.5089339294825849,0.60473333799566,
m5,m5,oil,20,12,0.3368082416021655,0.5796931043300604,0.3084986066381772,
m5,m5,oil,20,13,0.43027211776445395,0.584267998023678,0.2590038340009072,
m5,m5,oil,20,14,0.625148883027951,0.706930050708684,0.21333167357053617,
m5,m5,oil,20,15,0.5746945200709779,0.6041171084315164,0.3082781907021592,
m5,m5,oil,20,16,0.6112365378715584,0.6303844054987326,0.5605720448737915,
m5,m5,oil,20,17,0.496266032394331,0.6341765195919362,0.6033276380416079,
m5,m5,oil,20,18,0.6329803231156235,0.6913263728089847,0.691258709097632,
m5,m5,oil,20,19,0.386110964042234,0.5474944563401218,0.5154466331654752,
m5,m5,oil,20,20,0.6367632850954968,0.4683378695919872,-0.2614490891802712,
m5,m5,oil,20,21,0.6547185167047027,0.596182564522179,0.5889005044570745,
m5,m5,oil,20,22,0.5828002000309733,0.5031050429102315,0.5072594584774583,
m5,m5,oil,20,23,0.646719895069785,0.6831790204516235,0.23951819212870096,
m5,m5,oil,20,24,0.6598785017011386,0.6732560426698064,0.6991599865326827,
m5,m5,oil,20,25,0.511738750022481,0.5149438018517983,0.6258966010481017,
m5,m5,oil,20,26,0.5469088412425839,0.47128257083291736,0.4934684486769021,
m5,m5,oil,20,27,0.4502562396215293,0.5291870271557567,0.4422184070691524,
m5,m5,oil,20,28,0.10656196127504158,0.025416139139352145,0.3775363020149899,
m5,m5,oil,20,29,0.5667262651602769,0.6906466831981989,0.7026610664696578,
m5,mp5,oil,5,0,-1.010993151429405,-0.8006585948562435,-1.2135492609858995,-19.235013119433365
m5,mp5,oil,5,1,-0.8863325622947735,-2.878668538763593,-0.28045901704920406,-20.063424864529594
m5,mp5,oil,5,2,-0.7298048760052231,-0.2104127631933954,-0.23374568968550147,-19.724587699966666
m5,mp5,oil,5,3,-0.38928849419718814,-0.9429212181921889,-0.6037422334048208,-19.385690248177198
m5,mp5,oil,5,4,-0.0788565900223488,-0.8998242714560374,0.12114048446968684,-20.895908487055316
m5,mp5,oil,5,5,-0.8297252661041634,0.09148693160208832,-0.44052332741439915,-19.466947958433863
m5,mp5,oil,5,6,0.003528858346070418,0.2226800722159622,-0.26955771701504916,-19.537689949525532
m5,mp5,oil,5,7,-4.6859249796882825,-4.907246080240524,-2.542118207475,-20.007205563761513
m5,mp5,oil,5,8,-1.3695118032547482,-0.8803264559862964,-4.526869427791003,-20.239711581109503
m5,mp5,oil,5,9,0.031154615220019277,0.2613502917297006,-0.28629653037617087,-20.54735689285106
m5,mp5,oil,5,10,-0.591238174484662,-0.4941395319607822,-1.6175313744472417,-19.61582573481344
m5,mp5,oil,5,11,0.36041330560743123,0.35684962746761084,-0.08933474529719465,-20.518209210703496
m5,mp5,oil,5,12,-0.6787497366378967,-0.4871252867303437,-0.6083577408692331,-19.067981644437396
m5,mp5,oil,5,13,0.1804857328549334,0.31182092494430336,0.5149866681871291,-19.461604017905046
m5,mp5,oil,5,14,0.12513219126117225,0.099609813290785,0.010952272127303875,-20.21539725704909
m5,mp5,oil,5,15,-2.1063085264287276,-2.7728320856889255,-0.0642020679127977,-20.208889818245638
m5,mp5,oil,5,16,-0.2906723763795014,-0.7714845546751055,-0.7027086857176408,-20.027373437180206
m5,mp5,oil,5,17,-0.5278578771122808,-0.02060331450337194,0.07337245738898734,-21.087098198899607
m5,mp5,oil,5,18,-9.24354953270957,-4.21081904341059,-5.384748894309196,-22.006664595089177
m5,mp5,oil,5,19,-0.31721000860853676,-1.939239454997637,0.13254957570935866,-20.333359825890795
m5,mp5,oil,5,20,-0.3012311983834479,-0.12673872759628968,-0.6351268257271094,-19.538579916438042
m5,mp5,oil,5,21,-0.04503733848895397,-0.25687329067529063,-0.17209994364036896,-19.69901249228795
m5,mp5,oil,5,22,-0.21130264094455375,-0.2902808332775384,-2.582282348419073,-19.036726716280988
m5,mp5,oil,5,23,0.051788590857970385,0.2466262113744142,-0.6906170824646352,-18.914660914884347
m5,mp5,oil,5,24,-0.17500468857907725,-1.1423754820834926,0.01680043217016769,-20.888133295647744
m5,mp5,oil,5,25,-0.2274681140677195,-0.8162696343450067,-0.25426430592341265,-21.19364983200628
m5,mp5,oil,5,26,0.3930837391916604,0.320280055716595,0.3440174157283733,-19.43535998477358
m5,mp5,oil,5,27,-0.7420286991151364,-1.0572170852891776,-2.3112934869202344,-19.617947978250683
m5,mp5,oil,5,28,-1.8379109275157415,-1.0840666957189158,-1.3148200537223933,-19.707046922749015
m5,mp5,oil,5,29,-1.165096516846666,-0.021588281454085756,-0.7851133922022913,-19.629197157943985
m5,mp5,oil,10,0,0.4505326412987839,0.4681172442057515,-0.09073681612792672,-20.246758227617168
m5,mp5,oil,10,1,0.3317953310621937,0.2360967044277762,0.33435693080485407,-19.456422748861886
m5,mp5,oil,10,2,-0.48431512208978744,-0.15202952690727223,-0.9164099862868691,-19.817392144290146
m5,mp5,oil,10,3,0.32416691975857104,0.25399228625814574,0.4984936969206747,-18.65408253007061
m5,mp5,oil,10,4,-0.03786661423803439,-0.2652396760160427,-1.7037921359705153,-18.667579960207444
m5,mp5,oil,10,5,0.26540006203562017,0.3735557145927074,0.370889791187483,-19.577454076039903
m5,mp5,oil,10,6,0.0303738043629892,0.0377526234126655,0.1261920936040002,-19.48627377124757
m5,mp5,oil,10,7,0.4530891937400944,0.42628036601121233,-0.07923632125070501,-19.374069867175166
m5,mp5,oil,10,8,0.38388271983336164,0.21266912027060547,0.0792202751296951,-20.51138069552454
m5,mp5,oil,10,9,0.03357049069565343,0.3950150263272423,0.3894878550956852,-20.449260949500378
m5,mp5,oil,10,10,0.02395130496979514,0.1584422569668512,0.15315122403836845,-20.38440379344597
m5,mp5,oil,10,11,-0.08828210723693708,0.10791058666484588,-0.697393413086052,-20.107338105755513
m5,mp5,oil,10,12,-0.11736370829894205,0.06564787331214395,0.25175973471755264,-21.088852689404078
m5,mp5,oil,10,13,0.3765666194137788,0.3986507769020503,0.25126133258412653,-20.285791413775446
m5,mp5,oil,10,14,-0.29865485408375814,-0.35797925468821057,-0.26790318616019637,-19.704948749944148
m5,mp5,oil,10,15,-0.8671611399547301,-2.091771453059443,-3.682000069702995,-19.973675640646515
m5,mp5,oil,10,16,0.14768996082908847,-0.09200767528158904,-1.752884599286638,-19.362635197267053
m5,mp5,oil,10,17,-0.20699808489927052,0.19513987878693417,0.30524740863818955,-19.824027662221038
m5,mp5,oil,10,18,0.3467152317635459,0.3348587037812203,0.1767887380908587,-19.641809380960595
m5,mp5,oil,10,19,-0.380432092565377,0.3509397524861029,0.3873793383248749,-19.63288136824048
m5,mp5,oil,10,20,-0.4197284425747372,-0.1142884859670763,-5.295993192058668,-20.345015212852477
m5,mp5,oil,10,21,0.2540038418358559,0.23446088486350425,0.038805537738371365,-21.34353471996287
m5,mp5,oil,10,22,0.3991738310663816,0.3859073952909887,0.10892922894097201,-20.636286838888978
m5,mp5,oil,10,23,0.3797041927321302,0.4358346096910185,0.489082854486398,-18.28321183245071
m5,mp5,oil,10,24,0.15583243563160287,-0.061809547952449195,0.1041518233447547,-21.570718848295453
m5,mp5,oil,10,25,0.11121917855853147,0.2148174812638015,-0.0893569580074407,-20.678352789576373
m5,mp5,oil,10,26,0.3416822075801452,0.41379853698811997,0.4716656709414492,-18.268762962865935
m5,mp5,oil,10,27,-0.03901699054047536,0.07993137426804775,-0.2774285199833102,-19.08222362715262
m5,mp5,oil,10,28,-0.001481621856928017,-0.6969861929186321,0.2940517230055456,-18.42822464849828
m5,mp5,oil,10,29,-0.3780297574885849,-0.06986576963065527,0.05356238165077942,-19.208300593125593
m5,mp5,oil,20,0,0.4246992747933661,0.465335814652562,0.5392723343437251,-19.603504836132835
m5,mp5,oil,20,1,0.25572959351661406,0.32888118713203884,0.6080353945619759,-17.199592217619667
m5,mp5,oil,20,2,0.4922669600747104,0.3705937642753431,0.4625664889879183,-22.95305635626869
m5,mp5,oil,20,3,0.30917117578694875,0.36987094153183875,0.21137630867138824,-19.973864359509726
m5,mp5,oil,20,4,0.48305183074916536,0.42978699209713955,0.49742159271086883,-23.472965317013912
m5,mp5,oil,20,5,0.4697614272440054,0.4805564604317727,0.6441433020985199,-20.357024911322597
m5,mp5,oil,20,6,0.4987388248497171,0.5204607506556693,0.7141487359737115,-18.342224884836284
m5,mp5,oil,20,7,0.26090231458961566,0.4240605158497769,0.10977849790366456,-17.31958427997833
m5,mp5,oil,20,8,0.3619885287057252,0.42062015114839524,0.3094301569530833,-18.599792743376824
m5,mp5,oil,20,9,0.20121606630261613,0.3446365636551132,0.5920259669093713,-19.975140432949317
m5,mp5,oil,20,10,0.4317735360122398,0.4432518668159827,0.5253644942330395,-18.552198710711153
m5,mp5,oil,20,11,0.5242058372589775,0.4887877045775959,0.6439025421408969,-19.20367226488202
m5,mp5,oil,20,12,0.4624302153539096,0.503302314663316,0.5943303905762358,-19.744913402027947
m5,mp5,oil,20,13,0.4212141271662082,0.4395059285167875,0.4484667305117892,-20.934065465206984
m5,mp5,oil,20,14,0.5600619078322951,0.5186855239676311,0.5227601532857151,-20.48062082704643
m5,mp5,oil,20,15,0.41886474588764544,0.5275754194334703,0.24520758432710044,-22.448007832456202
m5,mp5,oil,20,16,0.5426472584390546,0.46044514908848166,0.3901744472980688,-18.927845707661117
m5,mp5,oil,20,17,0.4358437129013648,0.41251832545961065,0.633775746067932,-19.0867798626633
m5,mp5,oil,20,18,0.519329044654149,0.46842207890006327,0.6074600271790181,-17.509454552005568
m5,mp5,oil,20,19,0.3705854245097664,0.23023540132775133,0.44396381173189914,-23.39989714984861
m5,mp5,oil,20,20,0.5542252091552915,0.35380857516382136,-0.3726485500254484,-23.77011065938616
m5,mp5,oil,20,21,0.5774629275317898,0.49751785887650235,0.12219276985585104,-19.432322852746545
m5,mp5,oil,20,22,0.4793200734160755,0.4217189392397528,0.4691853497832281,-18.70707314035431
m5,mp5,oil,20,23,0.4536543671987653,0.41384221161517787,0.48034631577563225,-20.060061995804322
m5,mp5,oil,20,24,0.4416000677539056,0.03406774286809722,0.35716433017457727,-21.181890576679677
m5,mp5,oil,20,25,0.48733112931587075,0.42897382747527746,0.2765144424978504,-20.833378886069706
m5,mp5,oil,20,26,0.5666178778136448,0.3409155049446866,0.4593242261243714,-19.911653538608036
m5,mp5,oil,20,27,0.31339008413691716,0.36207924121227053,0.4514677714506271,-19.18394367920468
m5,mp5,oil,20,28,0.17001092118365824,-0.07287374876166863,0.24529493867749186,-23.608014122164775
m5,mp5,oil,20,29,0.570309053257904,0.5592506755834952,0.668332451245659,-19.402257155360804
m5,mp6,oil,5,0,-1.0866898035522268,-0.791805184928525,-1.3268692003567577,-13.85354911484829
m5,mp6,oil,5,1,-0.939651934736828,-1.1707101683383376,-0.13082403327135594,-14.481414389114939
m5,mp6,oil,5,2,-0.6518746378980766,-0.2347274749131767,-0.2566396022378321,-14.280425273923782
m5,mp6,oil,5,3,-0.36812681897015564,-0.6289546315086301,-0.572451482612504,-13.961762867168781
m5,mp6,oil,5,4,-0.4750227654373471,-1.3349360460261774,0.14546399673425847,-15.088533058134885
m5,mp6,oil,5,5,-0.988975128654342,0.11310758979490632,-0.4065389271448059,-14.071565066951258
m5,mp6,oil,5,6,-0.3263579925982978,0.25785514930332587,-0.05764831631691858,-14.156629023312775
m5,mp6,oil,5,7,-5.144170282063818,-3.526958036994121,-2.4701273950177534,-14.509008175883906
m5,mp6,oil,5,8,-2.6222502014521196,-1.242493201515246,-6.552873347224909,-14.477715034229716
m5,mp6,oil,5,9,-0.8068951911313154,0.198374401074501,-0.5993131640196969,-14.737393576146944
m5,mp6,oil,5,10,-0.5038165981952967,-0.9508046862534572,-1.9114693027402807,-14.04459769258662
m5,mp6,oil,5,11,0.21255002863041483,0.4191042853183716,0.053350385346593976,-14.89234031684825
m5,mp6,oil,5,12,-0.18657130822361,-0.1841133898830256,-0.5732194549643177,-13.83065695124357
m5,mp6,oil,5,13,-0.015880023177273106,0.40369642987499665,-0.030869421324026147,-13.968057407114129
m5,mp6,oil,5,14,-1.1146237567082502,-0.1623657791395332,-1.3088436257247507,-14.630487809911813
m5,mp6,oil,5,15,-1.942038141895107,-2.364010773175888,0.25553148276159565,-14.656867294577065
m5,mp6,oil,5,16,-0.6587722289942475,-0.17854863917641617,-0.9769630873086279,-14.371059508054246
m5,mp6,oil,5,17,-1.0796997719047035,-0.15551002983753848,0.06121525286252916,-15.230982468068877
m5,mp6,oil,5,18,-3.0781665717776647,-14.506125821329324,-5.311282720502374,-15.937837515897815
m5,mp6,oil,5,19,-0.31764252435524054,-2.6516307479374976,-1.1324553800984107,-14.548357729378287
m5,mp6,oil,5,20,-0.47898894761672484,-0.10886190060275891,-0.1714488076887597,-14.047177043016157
m5,mp6,oil,5,21,-0.2636497789143444,-0.5023199801432876,-0.23801710166718548,-14.110436031856977
m5,mp6,oil,5,22,-0.05741129817550239,-0.16612798929904993,-1.8601998817799363,-13.730804806685503
m5,mp6,oil,5,23,0.04887673318473107,-0.29525366234100225,-0.9715940593166286,-13.661377236154692
m5,mp6,oil,5,24,-0.06138809501512221,-0.4153635967627647,0.03779140624702948,-15.013040435422688
m5,mp6,oil,5,25,-0.29693672286721284,-0.4772748235960744,-0.5303099245449603,-15.291874843992442
m5,mp6,oil,5,26,0.3978769786817862,0.3625847993888287,0.44556500015168765,-14.16193046762148
m5,mp6,oil,5,27,-0.8227461746691334,-2.1307789433058537,-2.2952710838837027,-14.229459734651371
m5,mp6,oil,5,28,-1.8214880698400258,-1.0619643029221217,-0.6280408360205636,-14.256849455044724
m5,mp6,oil,5,29,-1.351591167965029,-0.07607048669502525,-1.027370915279349,-14.161156382025153
m5,mp6,oil,10,0,0.5418476544171461,0.4461593173316579,-0.0020481954703182037,-14.621386374440243
m5,mp6,oil,10,1,0.2377189725945852,0.2903528087181312,0.5019990364170059,-13.913720029047422
m5,mp6,oil,10,2,-0.6386405130618453,-0.11135977804168107,-0.8026209027890303,-14.44582670297461
m5,mp6,oil,10,3,0.29289512044262256,0.33274619774761605,0.48897188654713764,-13.50229153293834
m5,mp6,oil,10,4,-0.20916870876151927,-0.3805790046663573,-1.3810011172647716,-13.624157245186442
m5,mp6,oil,10,5,0.4240333970844071,0.471868075860728,-0.17163952190504306,-14.081121805821729
m5,mp6,oil,10,6,0.13782891181237478,0.18527114164313963,0.17999089912205446,-13.960712552255046
m5,mp6,oil,10,7,0.4986552206778533,0.4189522393225211,-0.037324738355545506,-13.984363777313314
m5,mp6,oil,10,8,0.28056855991240737,0.27825301666610713,0.11054042021340116,-14.771385533485429
m5,mp6,oil,10,9,-0.06980459989471566,0.30290533363842154,0.3119430278928712,-14.732411257122731
m5,mp6,oil,10,10,0.0823069815920977,0.2873386118925322,0.11975798944720539,-14.773230908646449
m5,mp6,oil,10,11,-0.03255628725087556,0.26617303932897096,0.2392417360762107,-14.52997247567855
m5,mp6,oil,10,12,-0.08807258764661996,0.259173618163942,0.246963171758513,-15.147918495312748
m5,mp6,oil,10,13,-0.029099361431710324,0.32391255216104786,-0.3412977309665466,-14.657328108177483
m5,mp6,oil,10,14,-0.3725605631917366,-0.26115063243937353,-0.23600089609236252,-14.26873778061587
m5,mp6,oil,10,15,-0.9195779320295494,-1.2973100535737565,-2.5390808831404392,-14.514339694524313
m5,mp6,oil,10,16,0.10627400275093479,-0.30328305818996215,-0.5177550555766077,-13.926828662802288
m5,mp6,oil,10,17,-0.0632276058050687,0.1089907525889523,0.32660741611860444,-14.238467700211347
m5,mp6,oil,10,18,0.38704424886683664,0.38361505935319584,0.32594447277260263,-14.032887907823975
m5,mp6,oil,10,19,-0.2605474273021833,0.35030138713618586,-0.886627879210748,-14.194798285547174
m5,mp6,oil,10,20,-0.5663961891482536,-0.023749610923826436,-0.7348765474139713,-14.609503104393367
m5,mp6,oil,10,21,0.2100027935720553,0.24487430252025588,-0.13920463636531477,-15.481202314759912
m5,mp6,oil,10,22,0.17458114948232728,0.2433560717526091,0.02877929987178729,-14.94550071219321
m5,mp6,oil,10,23,0.4274637378187375,0.4787746071424859,0.40546648532403806,-13.119149644451433
m5,mp6,oil,10,24,0.05066961341370302,-0.29997458778411823,0.18970977901896613,-15.561357897694219
m5,mp6,oil,10,25,0.046824081807092854,0.11041217734235087,0.3375927918503391,-14.940121048933479
m5,mp6,oil,10,26,0.3259755069743151,0.34441080239489985,0.47272748029288814,-13.30802872693044
m5,mp6,oil,10,27,-0.15423273855869835,-0.32964058565035503,-0.3466275155054319,-13.798007346556824
m5,mp6,oil,10,28,-0.057796930490595866,-0.45284033417322367,0.19383010432392422,-13.294788597193635
m5,mp6,oil,10,29,-0.2689569094134061,0.15344580185959822,-0.20432393152177375,-13.695423468895063
m5,mp6,oil,20,0,0.4239993216151331,0.4601789044210739,0.5486955475917639,-14.086564075872882
m5,mp6,oil,20,1,0.1826725641673499,0.28887210417872555,-0.11588957678485667,-12.543927132088102
m5,mp6,oil,20,2,0.5165902550365906,0.3639135331128649,0.5074909362901241,-16.610700823868445
m5,mp6,oil,20,3,0.13514775180173688,0.33132495741182444,-0.6346065406069983,-14.395100999659247
m5,mp6,oil,20,4,0.4724281031786741,0.39654312535467007,0.5557812138407647,-16.93009827443442
m5,mp6,oil,20,5,0.477698160509071,0.4851825499664747,0.6729744994809299,-14.904234310782584
m5,mp6,oil,20,6,0.499710654497333,0.5133723261206107,0.425015310351355,-13.09067086284014
m5,mp6,oil,20,7,0.3898597910893057,0.514732772345304,0.44350407100066025,-12.722088627133543
m5,mp6,oil,20,8,0.4127637249145317,0.4792129739320765,0.35210994531064477,-13.768252959322655
m5,mp6,oil,20,9,0.1688954692248421,0.3196415236819581,0.6033018325819375,-14.425208185020646
m5,mp6,oil,20,10,0.41894458441980176,0.37807207865921855,0.5376476126602914,-13.349623570921041
m5,mp6,oil,20,11,0.5274288192432919,0.47109393292726753,0.6532297126205782,-13.699659290028347
m5,mp6,oil,20,12,0.41515331582304726,0.4634620434904324,0.4201367443218762,-14.106291860477327
m5,mp6,oil,20,13,0.4110583008559765,0.35681587021803707,-0.44185985885818346,-15.18104747053772
m5,mp6,oil,20,14,0.5407048115658427,0.5056154392144774,0.6210018316941486,-14.790587114825428
m5,mp6,oil,20,15,0.16379105674241512,0.3694689004602467,0.5350915337332469,-16.212087269615786
m5,mp6,oil,20,16,0.5184036733721074,0.46579542227954407,0.6348375371132433,-13.600267981549463
m5,mp6,oil,20,17,0.39351843373806694,0.4075085954862607,0.6449704064403562,-13.661847368821968
m5,mp6,oil,20,18,0.47254418322378267,0.49023303365878,0.3479159956192053,-12.778346657886045
m5,mp6,oil,20,19,0.24297386905393292,0.15449373796027754,0.11944207695670783,-16.780274313505
m5,mp6,oil,20,20,0.5719572010655237,0.45831204494386335,0.43085085586173577,-17.191684238811487
m5,mp6,oil,20,21,0.5446877270530965,0.35223520342610637,0.17715187810344846,-14.105714329613065
m5,mp6,oil,20,22,0.4311920160614041,0.38275894935996746,0.36615589978573937,-13.32724548769661
m5,mp6,oil,20,23,0.40726754996699055,0.41386668789772296,0.43386937664532865,-14.572896839422496
m5,mp6,oil,20,24,0.5575598805656028,0.39484447650078947,0.3496079701808049,-15.27679495161361
m5,mp6,oil,20,25,0.33871688678450207,0.34789354018325613,0.4251513424492245,-14.883354177004076
m5,mp6,oil,20,26,0.47887033734653484,0.3186115179401925,0.43786395870937866,-14.3855422232804
m5,mp6,oil,20,27,0.31163634076489244,0.41074375664931373,0.4406384719358182,-13.956767143180942
m5,mp6,oil,20,28,0.09068878826665816,-0.0730881126940095,0.3336466470351346,-17.079244705091305
m5,mp6,oil,20,29,0.5237706879168311,0.5451301306777885,0.6874007678115839,-13.832797442691902
m5,m5,protein,5,0,-0.5325928814581213,0.2455746636315599,0.03922260985333259,
m5,m5,protein,5,1,-0.06027183184099694,0.12384865092276154,-0.040287998221233856,
m5,m5,protein,5,2,0.053220130909478636,0.31564045583226663,-0.004298052814339703,
m5,m5,protein,5,3,0.0539110842988757,0.4899938746069753,0.3394603919641743,
m5,m5,protein,5,4,0.16303036200039867,0.40276220762715664,-0.018060238258099437,
m5,m5,protein,5,5,-0.15724717068116467,0.36825045851949245,-0.05508307278985369,
m5,m5,protein,5,6,-0.2520852984049051,0.5071587993177473,-0.001985945826778801,
m5,m5,protein,5,7,0.5284417641583614,-0.6147657799282504,-0.17605313802576483,
m5,m5,protein,5,8,-0.44675948668642707,0.10705877056365765,-0.7750437238819312,
m5,m5,protein,5,9,-0.7016931953348471,-0.41042109688784434,-1.4690963004551478,
m5,m5,protein,5,10,-0.15240022697407807,0.27946892762470066,-0.22661702512573823,
m5,m5,protein,5,11,-0.050000448743198644,-0.5318555487316772,-0.10974905989514205,
m5,m5,protein,5,12,-0.46770268688994543,-0.08883959989910584,-0.5124449757166538,
m5,m5,protein,5,13,-0.6500619056347743,-0.4490645344963846,-0.6808932944583947,
m5,m5,protein,5,14,-0.4124321491150462,-0.7111105433062723,-0.968363216974885,
m5,m5,protein,5,15,-0.3385085758670432,-2.489762910360155,-0.5373321473062933,
m5,m5,protein,5,16,0.01700398079217269,-0.02084065847429062,-0.06556116198666584,
m5,m5,protein,5,17,0.5098776371246094,0.42121531112709276,-0.3363731709160531,
m5,m5,protein,5,18,-1.0103646673103492,-0.0393819173948744,-1.2770814478386052,
m5,m5,protein,5,19,0.27743784519858483,0.48581414790974864,0.19749880400169573,
m5,m5,protein,5,20,0.2954366073819785,0.08974041924856135,-0.6108643738498292,
m5,m5,protein,5,21,-0.666222272809424,-0.09452001200962967,-0.49058329815400925,
m5,m5,protein,5,22,0.16639411372666235,0.5097603966049051,0.5794276114990936,
m5,m5,protein,5,23,-0.32967930671645274,-0.08759222569104863,-0.08678206922688858,
m5,m5,protein,5,24,0.2414057089803765,0.1999429290609508,-0.1786724809287885,
m5,m5,protein,5,25,-0.48217179999944904,-0.6777700540534184,-0.17631860009534894,
m5,m5,protein,5,26,0.21070277951942928,0.19151036573716773,-1.5741955405206203,
m5,m5,protein,5,27,0.19718482084986355,0.036974797605382026,0.1430517884881477,
m5,m5,protein,5,28,-0.5525587644879519,-0.3556104910995008,-1.0822933445181295,
m5,m5,protein,5,29,-1.0290569133740837,-1.0670059639211527,0.03500225584771044,
m5,m5,protein,10,0,0.457422322060116,0.5232515550368559,0.03804818782929065,
m5,m5,protein,10,1,0.4228851569050812,0.5850989054950059,0.4227300341758893,
m5,m5,protein,10,2,0.381896759721306,0.48536836129585825,0.3385368755325864,
m5,m5,protein,10,3,0.18840021313894062,0.32517945169334406,0.34732376570552537,
m5,m5,protein,10,4,0.15182770837941784,-1.0151732407476448,-0.10723215618290816,
m5,m5,protein,10,5,0.5544750387791313,0.5668153068286828,0.5708438347497158,
m5,m5,protein,10,6,0.49172340788799884,0.19343715731981725,-0.1657876334404027,
m5,m5,protein,10,7,0.28327884226173305,0.35396989862391837,0.24501882241612316,
m5,m5,protein,10,8,0.35844629524902694,-0.909141967529264,0.19322832203405127,
m5,m5,protein,10,9,-0.1251970411736838,0.2491442048744863,-0.060236983606821726,
m5,m5,protein,10,10,0.5359909415173655,0.10719158137655782,0.23150143426394176,
m5,m5,protein,10,11,0.45837046651949087,0.4202188662681733,0.6748800689117089,
m5,m5,protein,10,12,0.42305101825576397,0.3635154800326894,0.4089159205978584,
m5,m5,protein,10,13,0.442449111003395,0.28069781822198114,0.4290557570337088,
m5,m5,protein,10,14,0.50805800445043,0.3425199058967897,0.6338870095182386,
m5,m5,protein,10,15,0.557021111316546,0.7590197419895137,0.24397893608764054,
m5,m5,protein,10,16,0.37656504394039714,0.18655052311901354,0.3365548680457138,
m5,m5,protein,10,17,0.17067658274120623,0.6236683011637476,0.540346072354767,
m5,m5,protein,10,18,0.4613851509729411,0.2932049730305353,0.5084048623434001,
m5,m5,protein,10,19,0.6406473318273771,0.658826326020059,0.7484096666492032,
m5,m5,protein,10,20,-0.36421310916667804,-0.5934190140229791,0.101471688751823,
m5,m5,protein,10,21,0.3190359100656768,0.38053189882763494,0.14209225676655923,
m5,m5,protein,10,22,0.4728866982622716,0.35239733499176673,0.49410548841656277,
m5,m5,protein,10,23,0.5311487712182573,0.2725363848479767,0.5467229172816915,
m5,m5,protein,10,24,0.2844580748681492,0.4375228359490386,0.8065782050060377,
m5,m5,protein,10,25,0.6505935102523501,0.572752124939335,0.3023563838334361,
m5,m5,protein,10,26,0.5720364246616139,0.4985324853107931,0.5557023306437594,
m5,m5,protein,10,27,-0.06544428598679297,0.08729719610951814,0.049482015088283315,
m5,m5,protein,10,28,0.09849129269702961,0.5720956105542208,0.36840116912111764,
m5,m5,protein,10,29,0.32128136690155906,0.5136324476341382,0.5454986874117478,
m5,m5,protein,20,0,0.5400109992410547,0.5658403330703982,0.8901234388478058,
m5,m5,protein,20,1,0.4611818180066142,0.6965623971609837,0.9243994767170637,
m5,m5,protein,20,2,0.7008823298400728,0.7679026236459572,0.8461454721504389,
m5,m5,protein,20,3,0.042931666357710285,0.3363459081637842,0.8458070499426427,
m5,m5,protein,20,4,0.5722797784505126,0.6112060131654272,0.853187107410121,
m5,m5,protein,20,5,0.6237307350114961,0.715353697949626,0.8631548682883837,
m5,m5,protein,20,6,0.6243210298631247,0.7187387667342048,0.7824465842210975,
m5,m5,protein,20,7,0.561194822660144,0.7209221241939873,0.8855329844828654,
m5,m5,protein,20,8,0.5696124702913207,0.6382242400163307,0.8724624188486891,
m5,m5,protein,20,9,0.5415033017007624,0.6403813395173357,0.9001832489903213,
m5,m5,protein,20,10,0.6245918979688715,0.6587543997523291,0.9261324129852362,
m5,m5,protein,20,11,0.5990164603056818,0.604525874752145,0.8680947794103694,
m5,m5,protein,20,12,0.6260196974276532,0.7643554749061792,0.8833972499234248,
m5,m5,protein,20,13,0.5055013417466347,0.55564359508476,0.8024394556626073,
m5,m5,protein,20,14,0.658883236212776,0.6982692489437541,0.8925514411545377,
m5,m5,protein,20,15,0.6732137993849934,0.7834501782017194,0.8935157083141121,
m5,m5,protein,20,16,0.5667786868176767,0.7054588134997342,0.7408444564421733,
m5,m5,protein,20,17,0.4464785909971801,0.6131961818905459,0.8212155183034846,
m5,m5,protein,20,18,0.5502171090747809,0.6112442585158574,0.8590063359459964,
m5,m5,protein,20,19,0.532455523125083,0.5339091916628211,0.7620882180686239,
m5,m5,protein,20,20,0.5459264881474262,0.602641467073024,0.8322610984137188,
m5,m5,protein,20,21,0.6125669843768133,0.6677243849672037,0.9349261462079567,
m5,m5,protein,20,22,0.6024277075423787,0.6104944424152455,0.8793326497189154,
m5,m5,protein,20,23,0.6102026409637686,0.6807933832085289,0.8756001194519318,
m5,m5,protein,20,24,0.5889378703193977,0.7106165842760451,0.9106111725649516,
m5,m5,protein,20,25,0.25453714039289177,0.17838847308396444,0.825576850036884,
m5,m5,protein,20,26,0.5628356974318367,0.683963770091215,0.7702991607399685,
m5,m5,protein,20,27,0.53744888271097,0.6414687334595454,0.9318616585857415,
m5,m5,protein,20,28,0.468683779827486,0.7810831699689583,0.8605726062502597,
m5,m5,protein,20,29,0.7180372744629702,0.7646521004123294,0.8746122261907213,
m5,mp5,protein,5,0,0.39582139432944696,0.3657117513963276,-1.205498597203631,-3.770462962938068
m5,mp5,protein,5,1,-0.047772888927588575,0.29279942228124545,0.002339803934250484,-3.3972446847843996
m5,mp5,protein,5,2,0.2672874619402579,0.5539592284075037,0.30175592634804416,-3.4455924520238046
m5,mp5,protein,5,3,0.4967453283309623,0.20652324961609259,-0.1405315370832163,-3.6181365670890946
m5,mp5,protein,5,4,0.31455545473504265,0.4191177868372913,0.39777943710743624,-3.601012379999071
m5,mp5,protein,5,5,-0.14271283434454407,0.45270911157726257,0.29573332877032255,-3.6596455928126828
m5,mp5,protein,5,6,-0.44287021749137323,0.33338024100712993,-0.05807210987842337,-3.431026701877884
m5,mp5,protein,5,7,0.18773476673362055,-0.9834645887404625,-1.0489429550015283,-3.6530061520136554
m5,mp5,protein,5,8,0.15801844964142264,0.02710299187588916,0.29588147212199256,-3.574668035235213
m5,mp5,protein,5,9,-0.41667447242740896,-0.23724395554327216,-1.6257051621045573,-3.7118571910248885
m5,mp5,protein,5,10,-1.0424294373702248,-0.0880989220000914,-0.3621279501277068,-3.459643936143131
m5,mp5,protein,5,11,-0.030594265268400367,0.011792639001158345,-0.07881367621914159,-3.4775670395068357
m5,mp5,protein,5,12,-0.48261907654275027,0.3694817007509853,-0.8850061213913973,-3.505744119439104
m5,mp5,protein,5,13,0.47644527109914525,0.38917072102783534,0.03452751591441516,-3.3736467939462766
m5,mp5,protein,5,14,0.0015303572379085084,0.15102997779646754,-0.1813731302373247,-3.3922862876862006
m5,mp5,protein,5,15,-1.245256959850959,-1.5109786696873595,-0.5988470215801491,-3.5788375437666913
m5,mp5,protein,5,16,-0.06263118103586951,-0.07324663232943518,0.14741925922453647,-3.3978748221977613
m5,mp5,protein,5,17,0.2933525056803046,-0.2679178361645449,0.3199737848010017,-3.7772966562024566
m5,mp5,protein,5,18,-7.517986488056705,-1.4114466541359252,-1.8734065416127912,-3.6166102404831104
m5,mp5,protein,5,19,0.286297091169494,0.4442313842183485,0.1529191553718945,-3.543703629444945
m5,mp5,protein,5,20,-0.06871028995283623,0.2792892674081876,-0.8122826303427129,-3.6483654962964787
m5,mp5,protein,5,21,0.31343017634644765,0.21638253869602875,-0.09284573622609193,-3.6419264054252167
m5,mp5,protein,5,22,0.12456747886412733,0.5577537828341564,0.7191801393336343,-3.598566279051374
m5,mp5,protein,5,23,-0.20436400043037373,-0.2910123936083735,-0.5141323157148989,-3.4585724398553754
m5,mp5,protein,5,24,0.17477166446581915,-0.05168987724312757,-0.04795617250451478,-3.5645772644096168
m5,mp5,protein,5,25,-0.0012280101636488183,-0.20330282473277084,0.05407468378212743,-3.7317329513324777
m5,mp5,protein,5,26,0.23848676067680175,0.5793422327668668,-0.8388350621118486,-3.764804922120071
m5,mp5,protein,5,27,-0.07440820179999541,-0.139028154775531,0.020762445083013947,-3.6148327469988457
m5,mp5,protein,5,28,-0.13353805238261884,0.4272145920850715,0.06007991513453437,-3.661929845170234
m5,mp5,protein,5,29,0.011040515032236464,0.24849561081385296,-0.029971226130873996,-3.7673760704553736
m5,mp5,protein,10,0,0.542799814864503,0.6230550373273079,0.591859103463688,-3.351599277375322
m5,mp5,protein,10,1,0.40605455157576176,0.5178119949725313,0.6077078763116723,-3.6436370761741204
m5,mp5,protein,10,2,0.3695150304528819,-0.23321623803284885,0.16602845601087413,-3.8853310986067893
m5,mp5,protein,10,3,0.11551111436133032,0.3080892001758686,0.344798225248262,-3.448215639845647
m5,mp5,protein,10,4,-0.05227102141406692,-0.3295547114305646,-0.10318396006991137,-3.74766907576819
m5,mp5,protein,10,5,0.40715840333444386,0.6541428662987528,0.777186777022683,-3.3128163451687467
m5,mp5,protein,10,6,0.4394920596690016,0.41621468541697193,0.2726786297838273,-3.7665539414954328
m5,mp5,protein,10,7,0.30555659347734443,0.4308868567068782,0.03657334661903111,-3.576208561272164
m5,mp5,protein,10,8,0.5372397566787003,0.6193164136018111,0.3499629188207313,-4.01718898852624
m5,mp5,protein,10,9,0.09108056437465206,0.3807288400650406,0.4196350415738813,-3.321049163422847
m5,mp5,protein,10,10,0.5679599172660907,0.7365434331438228,0.5431465204437953,-3.7389530650548695
m5,mp5,protein,10,11,0.5117834683689442,0.6443431351762035,0.7512813175481068,-3.800669284073332
m5,mp5,protein,10,12,0.49192707237339894,0.7018940448700868,0.5512773186582256,-3.9556815502262026
m5,mp5,protein,10,13,-0.13289369854607203,-0.08287456028413054,-0.9174813567376281,-4.127007562286004
m5,mp5,protein,10,14,0.5304290996008887,0.2587302479973542,0.6703357594565857,-3.5777499481255566
m5,mp5,protein,10,15,0.6347139811074385,0.7807000663699649,0.5804219782970752,-3.4559999102712258
m5,mp5,protein,10,16,0.08841971597862175,0.16754536161224542,0.14997914466514195,-3.858729200174891
m5,mp5,protein,10,17,0.5297982863055766,0.6516985511033133,0.7823781229246353,-3.6178932940177404
m5,mp5,protein,10,18,0.18716331004283093,0.3382074164237522,0.6795971693904117,-3.5492915782967502
m5,mp5,protein,10,19,0.5348363620243468,0.5562642635303465,0.7012410231929815,-3.446358827080509
m5,mp5,protein,10,20,-0.13488332139514303,0.24339003380186852,0.6619148295935582,-4.2956938947843035
m5,mp5,protein,10,21,0.48746652042734195,0.6383472013538332,0.36816752582788603,-3.8413591991441267
m5,mp5,protein,10,22,0.29138034687902004,0.35444418331368366,0.402916291066964,-3.662685502339075
m5,mp5,protein,10,23,0.5094924727667816,0.3399500332506642,0.49580986904561797,-3.4371266980017054
m5,mp5,protein,10,24,-0.07833716602280338,-0.4403164898469114,0.2522345994981895,-3.498595648652657
m5,mp5,protein,10,25,0.5926393562277129,0.44521532211646453,0.43609154199218625,-3.4806983768051722
m5,mp5,protein,10,26,0.4399636677732349,0.3739858917189307,0.4957333449221055,-3.4261706486101753
m5,mp5,protein,10,27,0.3731731338854477,0.3753797727163968,-0.2569316101833199,-3.7066478850272278
m5,mp5,protein,10,28,0.12025455906699722,0.6476208554775482,0.3592433859706361,-3.383290899406423
m5,mp5,protein,10,29,-0.05236405148096024,0.28005701851894016,-0.06010988329061839,-3.6890348293960864
m5,mp5,protein,20,0,0.5358014615601283,0.6745484999674172,0.7648718419080756,-4.100150698903422
m5,mp5,protein,20,1,0.5446007589763371,0.6497293670438742,0.6726597146011557,-3.6111287656663533
m5,mp5,protein,20,2,0.6372719818674422,0.7507541608350926,0.7081619074766405,-3.966002668661245
m5,mp5,protein,20,3,0.44726181829847855,0.5916943341788146,0.6293516478488456,-4.471720400662243
m5,mp5,protein,20,4,0.543441014534429,0.6715736234426997,0.8784382338276867,-3.3676394023793295
m5,mp5,protein,20,5,0.6555679463882536,0.7080532908041604,0.8255386555899183,-4.045548491481597
m5,mp5,protein,20,6,0.5916419097566482,0.7593512981907922,0.8556671162751914,-3.4606745368084963
m5,mp5,protein,20,7,0.5906045349230217,0.6727960384832449,0.8138125110914303,-3.7376673564091982
m5,mp5,protein,20,8,0.5009669011365456,0.5415717564491177,0.6022721922961056,-3.4139704457618576
m5,mp5,protein,20,9,0.597531017239188,0.7034413604691699,0.6915811377263263,-3.8854675952524698
m5,mp5,protein,20,10,0.6817581136608689,0.7660658204243206,0.8297178749011043,-3.5390289370915715
m5,mp5,protein,20,11,0.609231396925342,0.6790004143939763,0.8735530420576895,-3.842002626647969
m5,mp5,protein,20,12,0.4662254264148701,0.7747661979384604,0.8096615626014338,-3.6748610616848367
m5,mp5,protein,20,13,0.5917074195603491,0.5480347029185012,0.73714576903446,-3.912024491857178
m5,mp5,protein,20,14,0.6330206679956139,0.7561955108317615,0.8422390391713244,-3.2828459781944277
m5,mp5,protein,20,15,0.6455877615224019,0.7117728802167598,0.8021094509052218,-3.3715869204196345
m5,mp5,protein,20,16,0.593639556035318,0.7336721769584802,0.7971756675834827,-3.717449133652118
m5,mp5,protein,20,17,0.6111667503005762,0.6480261127655562,0.7749447590484998,-4.039789578874979
m5,mp5,protein,20,18,0.705101050554873,0.7119913106881823,0.8535882695767038,-4.122494750588123
m5,mp5,protein,20,19,0.4276579364785713,0.5000653570169318,0.6284166962420714,-3.421738617029855
m5,mp5,protein,20,20,0.587097167049402,0.6804285078738257,0.48904124377970537,-3.264137235550473
m5,mp5,protein,20,21,0.6200507723364787,0.7184925131214597,0.7227532064283241,-3.46635382083878
m5,mp5,protein,20,22,0.653662956783752,0.6689468223770068,0.8453995987033897,-3.450442568952739
m5,mp5,protein,20,23,0.5871987046880726,0.5926220728585676,0.31767403914030945,-3.9035698311698876
m5,mp5,protein,20,24,0.5324936470409893,0.49337345503879493,0.7531959953417882,-3.5264616102639383
m5,mp5,protein,20,25,0.01530198835272989,0.2893921048258501,0.3253031532803492,-4.516532458657458
m5,mp5,protein,20,26,0.31359563099942167,0.5756149670103807,0.7629639843908528,-4.465501155404995
m5,mp5,protein,20,27,0.541650382596546,0.617548935014552,0.8051133289531458,-3.1984343897264287
m5,mp5,protein,20,28,0.5907160830802873,0.7373659671320367,0.8018332393862069,-3.297962797378661
m5,mp5,protein,20,29,0.5810270530856187,0.7314772678458201,0.7921766186335379,-3.958700847253434
m5,mp6,protein,5,0,0.3685235141284128,0.41727941770143007,-0.9022597505367347,-7.586207830435889
m5,mp6,protein,5,1,0.028681127848212862,0.19904322141494313,-0.008547318569141815,-6.876672720694814
m5,mp6,protein,5,2,0.3457038256249957,0.4703091964418642,0.35905815065605007,-6.912643332143668
m5,mp6,protein,5,3,0.5383042243994893,0.6243839985150834,-0.20819271184049604,-7.303141338027961
m5,mp6,protein,5,4,0.06719599615213667,0.3135518473482547,0.1890554011095007,-7.240437279546507
m5,mp6,protein,5,5,-0.28575951429895285,0.24494987044248118,0.30669201507236543,-7.3456842137066545
m5,mp6,protein,5,6,-0.3900231468794704,0.02097806402096103,-0.07509520572909412,-6.90696638010215
m5,mp6,protein,5,7,-0.052423123722038056,-0.6106521911015381,-0.30077832650904246,-7.373614542300233
m5,mp6,protein,5,8,-0.09629730541288262,0.35196680260435353,0.2814572377524358,-7.204621780728468
m5,mp6,protein,5,9,-1.1410264058758846,-0.21039055564566556,-1.571472751484253,-7.505310078542356
m5,mp6,protein,5,10,-0.7025632042057797,-0.12783193478783206,-0.3491274644431601,-7.031711284926866
m5,mp6,protein,5,11,-0.009381812288182356,-0.007603926111038772,-0.08792297846278863,-7.012052776077438
m5,mp6,protein,5,12,-0.2891021079437597,0.25023191690425894,-0.9078478513419597,-7.058422187253065
m5,mp6,protein,5,13,0.41653419235900135,0.37524181774397125,0.03890398618861213,-6.872587001456568
m5,mp6,protein,5,14,0.17795386482601838,0.207644825330646,-0.14845496834119265,-6.892062943952599
m5,mp6,protein,5,15,-0.9229150058990967,-1.1127676023358521,-3.3042086588261723,-7.184159251613895
m5,mp6,protein,5,16,0.05322935726246847,0.15120876393853178,0.17931777645265268,-6.871480267827644
m5,mp6,protein,5,17,-0.2325514276294336,-0.38670172480022313,-0.10841249422936117,-7.592880105134634
m5,mp6,protein,5,18,-5.476862601264627,-1.8719335242234854,-1.7783527429815331,-7.315341791490477
m5,mp6,protein,5,19,0.2818172479725244,0.33039279823431944,0.13951934565599122,-7.188886013525801
m5,mp6,protein,5,20,-0.7028134302325488,0.1933966581451887,-0.8105976167412257,-7.312004553457006
m5,mp6,protein,5,21,0.258892808875159,0.1590095875468186,-0.20131913745042196,-7.3264001594820325
m5,mp6,protein,5,22,-0.0804417335017571,0.589574199904745,0.5471665311286158,-7.21136930384432
m5,mp6,protein,5,23,-0.42525338384375844,-0.551675695315266,-0.4734743908254526,-6.937526278127129
m5,mp6,protein,5,24,0.16654547270758358,0.28709206664724085,-0.024344722159319154,-7.165803459294258
m5,mp6,protein,5,25,-0.6830656671728619,-0.8953875933316382,0.1568247659537334,-7.461534855063496
m5,mp6,protein,5,26,0.30876032907613604,0.5134382076311013,-0.934750162005425,-7.460519291213924
m5,mp6,protein,5,27,-0.0729434024303175,-0.2418731476425937,-0.030330628579607444,-7.240628186006006
m5,mp6,protein,5,28,-0.47232916438022254,0.3280384783974546,-0.058616981764020526,-7.381319584833237
m5,mp6,protein,5,29,0.04581539001114254,-0.01012055214120866,0.14900337356154203,-7.575603534482328
m5,mp6,protein,10,0,0.5168846434654266,0.6086662412253478,0.48405683987018167,-6.818694601118677
m5,mp6,protein,10,1,0.4860915188606576,0.5643557834808743,0.8142479177946887,-7.363754818044713
m5,mp6,protein,10,2,0.5066954279316571,0.05075160544438273,0.19946193695514858,-7.755990621514817
m5,mp6,protein,10,3,0.09598759293842984,0.14345748781371515,0.22677503188606873,-6.942672965507783
m5,mp6,protein,10,4,0.1470858114083572,-0.40657727814540845,0.07924731992847744,-7.448153437826846
m5,mp6,protein,10,5,0.455611566564864,0.6619113142950961,0.6713081521112185,-6.720004374532522
m5,mp6,protein,10,6,0.354500458372205,0.3409326153466833,0.25230689506946435,-7.596249971819045
m5,mp6,protein,10,7,0.3275894847563352,0.32007540471552187,0.14344016740236687,-7.222377832437607
m5,mp6,protein,10,8,0.5588771346970557,0.7290446751765051,0.4535044493781841,-8.063510807965978
m5,mp6,protein,10,9,0.06599657805186165,0.44652733985550386,0.3512276790290779,-6.744837320961678
m5,mp6,protein,10,10,0.6237577792755458,0.6659141254590937,0.630146151061028,-7.478252446784753
m5,mp6,protein,10,11,0.5173437133052734,0.6347791786748412,0.6225399720685063,-7.648922501788583
m5,mp6,protein,10,12,0.35814819727971936,0.665489793937796,0.7058767541766573,-7.880587383416584
m5,mp6,protein,10,13,-0.27292903440404603,-0.3134880244255027,-0.3739021607448776,-8.167243935749978
m5,mp6,protein,10,14,0.34773778399994415,-0.31177101852341194,-0.9899330839107534,-7.192272362646094
m5,mp6,protein,10,15,0.5934200383220677,0.7234143782566964,0.7911096176075844,-6.983720391414116
m5,mp6,protein,10,16,-0.028361752968773857,-0.15458879558066174,-0.547096899249329,-7.721739875032634
m5,mp6,protein,10,17,0.5246811659342365,0.5266251269743174,0.7117451328834286,-7.316175107046027
m5,mp6,protein,10,18,0.18293732663740236,0.32699057214497174,0.7700727118667825,-7.309999748722587
m5,mp6,protein,10,19,0.5525102081710959,0.5418181385758494,0.5898869506335394,-7.007881330839737
m5,mp6,protein,10,20,0.09049950107034266,0.2929974655156038,0.6856923464847631,-8.453962980785514
m5,mp6,protein,10,21,0.5162696656309059,0.6515712223765291,0.41029898108322194,-7.688444346155469
m5,mp6,protein,10,22,0.22300953124897993,0.41262424505085016,0.30148980148132076,-7.355620549493068
m5,mp6,protein,10,23,0.40166895673324743,0.05234708554381573,0.13780376069750033,-6.970253386453552
m5,mp6,protein,10,24,-0.08386413821439542,-0.4185810996863255,0.4539391241796059,-7.09973179754803
m5,mp6,protein,10,25,0.5932096817029595,0.303226002327208,0.18393953899328397,-7.072583992294549
m5,mp6,protein,10,26,0.32206249429390255,0.25573257313374653,0.43236340589409517,-6.92074565560708
m5,mp6,protein,10,27,0.26483917182812755,0.07737440073393231,0.05286122409811134,-7.497532174054854
m5,mp6,protein,10,28,0.32773186376405694,0.6476303564964901,0.37781566644149567,-6.8869929830104875
m5,mp6,protein,10,29,-0.018578460248188655,0.1235071305703791,-0.4555082532693604,-7.437898796200837
m5,mp6,protein,20,0,0.5124887689915669,0.6823127724162698,0.7981075088155449,-8.247065328022153
m5,mp6,protein,20,1,0.5606614063720353,0.6778108547934467,0.6884398686016333,-7.214749736811751
m5,mp6,protein,20,2,0.6205265887210809,0.7333614905660988,0.5738604909327754,-7.901559739302126
m5,mp6,protein,20,3,0.40376388926774254,0.4815611120335509,0.7738083745835689,-8.759276021169903
m5,mp6,protein,20,4,0.5230321693323305,0.6600482899775979,0.7996133723841312,-6.83079113186763
m5,mp6,protein,20,5,0.6298805427862235,0.6842934757380388,0.7829348379728422,-7.95149565992563
m5,mp6,protein,20,6,0.58660816437848,0.7593324624211433,0.8276988407322429,-7.0180518407852635
m5,mp6,protein,20,7,0.5906115419256514,0.6407257173624343,0.6231890309564877,-7.461079819669951
m5,mp6,protein,20,8,0.4927961644568436,0.5189741892528017,0.6604706946576062,-6.955598353335705
m5,mp6,protein,20,9,0.5732652020959098,0.7003821742302633,0.7582295473805638,-7.764071163601104
m5,mp6,protein,20,10,0.6596633308198858,0.741996189960429,0.8462806880966407,-7.078930478560887
m5,mp6,protein,20,11,0.565982387971748,0.6602712111274234,0.8739585090818681,-7.701352126966032
m5,mp6,protein,20,12,0.4938683235715964,0.748403989780604,0.7945519319039874,-7.540248363789033
m5,mp6,protein,20,13,0.5647877580411895,0.5460003668194541,0.753624358819974,-7.680848661221271
m5,mp6,protein,20,14,0.6367365681335342,0.7457749603091388,0.8219012463380961,-6.777729840405463
m5,mp6,protein,20,15,0.6557245074101585,0.7292697212660149,0.7952160334722633,-6.966702801852683
m5,mp6,protein,20,16,0.5838489612897637,0.6873944064576312,0.7892695235298913,-7.474900403191244
m5,mp6,protein,20,17,0.6036493924635798,0.6424949135206883,0.7851782897410167,-7.936251677589267
m5,mp6,protein,20,18,0.6195323467264741,0.5950695701083363,0.7732840149785272,-8.231621541689734
m5,mp6,protein,20,19,0.46818689734456564,0.5159991042956782,0.680359299663601,-7.043655112765517
m5,mp6,protein,20,20,0.5461518573424566,0.6445405877402024,0.7294887827213247,-6.569646012001599
m5,mp6,protein,20,21,0.6167913847573243,0.6891745845268751,0.8485859130761815,-6.934562953837581
m5,mp6,protein,20,22,0.6288922076039976,0.6945514796081304,0.8057981286111946,-6.940436771780836
m5,mp6,protein,20,23,0.546783082392597,0.5654922267424698,0.7714983135960091,-7.850102975000302
m5,mp6,protein,20,24,0.4551051347580405,0.5424434754463643,0.6921850379759409,-7.2340261696997405
m5,mp6,protein,20,25,0.09234089869137785,0.3182525953422266,0.6226997566086796,-8.92476045032775
m5,mp6,protein,20,26,0.3249423739743207,0.5822563882671319,0.7296910619176693,-8.70426116898059
m5,mp6,protein,20,27,0.503885020502058,0.6240546315313816,0.8093164904182331,-6.457720103147887
m5,mp6,protein,20,28,0.6209611948076732,0.7500987987735961,0.7615872718286825,-6.841926977847975
m5,mp6,protein,20,29,0.7012011880477655,0.7584132658748803,0.7477944448638696,-7.955403760367561
m5,m5,starch,5,0,-1.2007216277667303,-0.926066606731804,-1.5557665757794061,
m5,m5,starch,5,1,-0.7560593533592519,-2.420261366882852,-0.3921525465336635,
m5,m5,starch,5,2,-0.2025484491310976,-0.6698546352134798,0.003164584700900641,
m5,m5,starch,5,3,-0.18162710359256784,0.04202587697693194,-0.029455517435105882,
m5,m5,starch,5,4,-0.5790360414497602,-1.0311501853733667,-2.5147958085820608,
m5,m5,starch,5,5,-0.10518794932064979,-0.8406001742321207,-0.3573330289081402,
m5,m5,starch,5,6,-0.269795670378866,-0.24364199879189963,-0.15909636534215799,
m5,m5,starch,5,7,-0.22805320281411423,-1.1509089795122711,-0.35449563037254017,
m5,m5,starch,5,8,-0.552581086697643,-1.3227471507981439,-0.7005952437075518,
m5,m5,starch,5,9,-2.5490540869430234,-2.1359871134763755,-1.429953724854185,
m5,m5,starch,5,10,-0.5634496000632758,-1.8508467784841671,-0.7454660305706049,
m5,m5,starch,5,11,-0.4556279597957087,-1.9331746524786908,-2.096433077714092,
m5,m5,starch,5,12,-0.28310725929781344,-1.4980615555261054,-0.8675234218816312,
m5,m5,starch,5,13,-0.6075504381674606,-1.691608403412184,-0.8390368015793099,
m5,m5,starch,5,14,-1.2016272263350816,-4.0107454243382215,-0.5753608649379303,
m5,m5,starch,5,15,-0.07415660917138212,-5.843962141994603,-3.3770316376548593,
m5,m5,starch,5,16,-1.2981412850280476,-2.4485722355678976,-1.4623569394496143,
m5,m5,starch,5,17,-1.0990380906347497,-1.1086730636420676,-1.868400844034381,
m5,m5,starch,5,18,-0.5462469086038413,-2.5118716295043657,-2.02050084472513,
m5,m5,starch,5,19,-0.11065932918402321,-0.6185945166776192,-0.5612469766765402,
m5,m5,starch,5,20,0.2064423778280432,-0.12590173313074504,-0.9429737999849859,
m5,m5,starch,5,21,-0.7879059791068148,-0.7666613951248311,-0.7005274733769233,
m5,m5,starch,5,22,0.06188185289836323,-0.09703322660367197,0.15837574342637206,
m5,m5,starch,5,23,-0.6990442323600095,-1.2007706081433094,-0.3105946353317288,
m5,m5,starch,5,24,-0.07106298204337103,-0.6605007636483939,-0.2978754857731085,
m5,m5,starch,5,25,-1.138849298062401,-1.405373808497529,-0.1586439902583272,
m5,m5,starch,5,26,-0.018139269466319385,-0.42919594334688504,-0.1479865667530038,
m5,m5,starch,5,27,-0.4643319792756808,-0.5874074045015363,-0.39236184443123867,
m5,m5,starch,5,28,-1.371034551860502,-1.3715930932921756,-1.2386728512725043,
m5,m5,starch,5,29,-2.117959648215574,-1.0792014350283026,-0.8578374965070197,
m5,m5,starch,10,0,-0.14719831190739185,-0.12190867106381065,-0.2636502478140976,
m5,m5,starch,10,1,0.26117647417282064,0.06615489848813838,0.2570272261844919,
m5,m5,starch,10,2,0.3693844707571179,0.4336730907859667,0.6584918956055372,
m5,m5,starch,10,3,-0.12261448171458889,-0.28206142950870783,-0.19375781755430954,
m5,m5,starch,10,4,0.0622201121155892,-1.4898539893454514,0.04050424408975983,
m5,m5,starch,10,5,0.2304685238661468,0.07469757715923941,-0.012171246865304353,
m5,m5,starch,10,6,0.07653660123631045,-0.09116787752971378,0.008238790244245342,
m5,m5,starch,10,7,-0.15155249878732424,-0.14167601473105895,-0.31405502225126103,
m5,m5,starch,10,8,-0.17249882159074614,-1.1780288385412163,-0.29956253420079326,
m5,m5,starch,10,9,-0.27254104452371997,-1.0298452366682715,-0.12065876868830006,
m5,m5,starch,10,10,-0.399114021011989,-0.604425563591217,-0.8092319643139796,
m5,m5,starch,10,11,0.06623488759631879,-0.12646727227280752,0.540968967148763,
m5,m5,starch,10,12,0.06967035213146577,-0.7205246443183957,0.25551065496434056,
m5,m5,starch,10,13,0.10204355498606843,-0.2961869002691002,-0.5830324991655593,
m5,m5,starch,10,14,0.20502467395757884,-0.8768020336672715,0.44319026928272665,
m5,m5,starch,10,15,-0.013266881590328516,0.2575718619375472,-0.08072692189371677,
m5,m5,starch,10,16,0.11607032419976848,-1.3856295075276934,-0.594929853646575,
m5,m5,starch,10,17,-0.641719206937641,-0.057931510424565236,0.29767665565881085,
m5,m5,starch,10,18,-0.6990217348753374,-0.6864204072248603,-0.25652652788644614,
m5,m5,starch,10,19,0.1202477387625529,-0.9602447108565686,0.6424212837926998,
m5,m5,starch,10,20,-1.0905838547685498,-1.6590621482333585,-0.34404930360048347,
m5,m5,starch,10,21,0.06628296487203222,0.17685067515582764,-0.16215153425156204,
m5,m5,starch,10,22,-0.06407287160876884,-0.0047163053248224784,0.23656895847896564,
m5,m5,starch,10,23,0.10210351659458172,-0.3223043191591548,-0.1580191845871226,
m5,m5,starch,10,24,0.01668413764801857,-0.15698009223044118,0.3284507935618486,
m5,m5,starch,10,25,0.09430174123307289,-0.3843695972777983,0.2281077942356533,
m5,m5,starch,10,26,0.006327185893204579,-0.35387014212665724,0.6253198148004163,
m5,m5,starch,10,27,-0.41889993561046013,-0.2485943233028598,-0.4111454643921393,
m5,m5,starch,10,28,-0.2978260967973929,-0.49202279338344534,-0.36487603510029243,
m5,m5,starch,10,29,-0.10787035992291916,0.14894621252414664,0.4652523582964254,
m5,m5,starch,20,0,0.36463652918909206,0.16685411887955803,0.7831420846305679,
m5,m5,starch,20,1,0.32091820045392216,0.4540213453323748,0.6934475964349697,
m5,m5,starch,20,2,0.33371056070953153,0.14214143005433455,0.7129784410840776,
m5,m5,starch,20,3,-0.30899292343511187,0.11497000835346816,0.7188523857326442,
m5,m5,starch,20,4,0.27960656465392186,0.3129878275316035,0.7553992144973336,
m5,m5,starch,20,5,0.1278906519273154,0.21070077431128553,0.5609078185579169,
m5,m5,starch,20,6,0.28895462909442315,0.187706111849416,0.36389858364423744,
m5,m5,starch,20,7,0.0093411256696323,0.1682953469013021,0.7073521097416915,
m5,m5,starch,20,8,0.3428305603454309,0.41475937600168544,0.6731307378389582,
m5,m5,starch,20,9,0.23281603921689875,0.22855193555769726,0.7213922670151747,
m5,m5,starch,20,10,0.22831939541515212,0.2951440791001383,0.8398766843771192,
m5,m5,starch,20,11,0.09111851583860009,0.001552804821714382,0.728128524940493,
m5,m5,starch,20,12,0.39801275632127875,0.5496693453465369,0.7974316632515768,
m5,m5,starch,20,13,0.16091112901907867,-0.03971488383642097,0.7004324735936861,
m5,m5,starch,20,14,0.3862848380415377,0.4860083218503488,0.8268592858432926,
m5,m5,starch,20,15,0.26253680507901067,0.3955186578860659,0.7507324868215854,
m5,m5,starch,20,16,0.3493503952227335,0.4845044324636929,0.865813652918144,
m5,m5,starch,20,17,0.22848672546766247,0.29997247061762156,0.7612501947294726,
m5,m5,starch,20,18,0.3509365520000318,0.41055409744110716,0.8493046955370505,
m5,m5,starch,20,19,0.2629735222493207,0.33745711937912526,0.7054318886746909,
m5,m5,starch,20,20,0.14122348555780895,0.16160836947157464,0.833901460671721,
m5,m5,starch,20,21,0.2020681504449766,0.08091609212017914,0.6810381828695744,
m5,m5,starch,20,22,0.3196434591631684,0.30186059594641135,0.7932597073971094,
m5,m5,starch,20,23,0.3457224756300802,0.4124426096448145,0.7748874614714658,
m5,m5,starch,20,24,0.3909774629653199,0.43850788200236457,0.7870364385531625,
m5,m5,starch,20,25,-0.13313768185713926,-0.5451416500504755,0.670089106625944,
m5,m5,starch,20,26,0.17115368569289657,0.07174689485191066,0.6792899903390999,
m5,m5,starch,20,27,-0.221092221021278,0.01307383591828648,0.730851717056588,
m5,m5,starch,20,28,0.1323518661375911,0.3528533087196337,0.8263224248961326,
m5,m5,starch,20,29,0.5805408356730729,0.5427070362804234,0.8245557479426642,
m5,mp5,starch,5,0,-0.0704420275913149,0.1388081289243419,-0.7563246749672454,-0.6325242184832223
m5,mp5,starch,5,1,-0.16823378354417984,-1.574891453420963,-0.6062491303125057,-0.5423574804639932
m5,mp5,starch,5,2,-0.04039539325230934,-0.5396437575535995,-0.7448523871755897,-0.6390755305861655
m5,mp5,starch,5,3,0.10452630349802461,0.26066488595724835,-0.17771960412578447,-0.5612160166334543
m5,mp5,starch,5,4,-1.9925630444878046,-0.8708951141762313,-1.5452002015725537,-0.7792879164779638
m5,mp5,starch,5,5,-0.4959734728216767,-0.34774113004134066,-0.4829181037959611,-0.6170820753950084
m5,mp5,starch,5,6,-0.6498877484108845,-0.26508191074598164,-0.19374455260060608,-0.6100710074696443
m5,mp5,starch,5,7,-1.8121482090243637,-2.686685482216222,-2.4728671581741963,-0.6420016978205212
m5,mp5,starch,5,8,-0.2553787339303297,-0.9496384359105619,-0.790037355150025,-0.5791157589238096
m5,mp5,starch,5,9,-1.0217397094934548,-1.1239844189087562,-1.4391652741326575,-0.6922897018412388
m5,mp5,starch,5,10,-1.2718850309361391,-1.8250435212916445,-3.172172307709639,-0.600950041173355
m5,mp5,starch,5,11,-0.5454051847270365,-1.2445792314806723,-1.8291103088323761,-0.6130487213721549
m5,mp5,starch,5,12,-0.2836714519296968,-0.48610309986255995,-0.9574870489040581,-0.6005533598935651
m5,mp5,starch,5,13,0.0784607909661601,-0.10867826946697257,-0.17895584605291104,-0.5862561714697281
m5,mp5,starch,5,14,-0.501346206112695,-1.6330896066326175,-0.4209606884638142,-0.5741366777017021
m5,mp5,starch,5,15,-1.1055191440557999,-3.4598540983377566,-0.4302457002990707,-0.5944430349689269
m5,mp5,starch,5,16,-2.1569262237730147,-3.166047992957454,-1.5053512495723282,-0.6931369848906455
m5,mp5,starch,5,17,-2.7144835494766046,-3.736396118997443,-1.650214770138049,-0.7568965980969686
m5,mp5,starch,5,18,-13.636731395704311,-2.540575173990536,0.1941098423305342,-0.6444782939973304
m5,mp5,starch,5,19,-0.15169698101464268,-0.06802822644141471,-0.3450842709955233,-0.6638837364964978
m5,mp5,starch,5,20,-1.0508625673164032,-0.6853493660105943,-1.4245960084966978,-0.7461962201651426
m5,mp5,starch,5,21,-0.19749014816084154,-0.2894999392333806,-0.3064776497601476,-0.5969699082787003
m5,mp5,starch,5,22,-0.02498211227366265,-0.19164232592365682,0.09798896320317074,-0.6471022501103638
m5,mp5,starch,5,23,-0.13254104089462726,-1.0041721561776575,-0.5492307282074071,-0.6099226237462454
m5,mp5,starch,5,24,-0.23122843668727433,-0.44751427941464694,-0.804820006820985,-0.5933881420798226
m5,mp5,starch,5,25,-0.48861678999320346,-1.151733049539991,-2.315453767798161,-0.67888697889612
m5,mp5,starch,5,26,-0.2853473007825942,0.07618393522487454,-0.1561668474171809,-0.6486217926761932
m5,mp5,starch,5,27,-0.33829046525128414,-0.2947923334472471,-0.5287791216495958,-0.6370230306157794
m5,mp5,starch,5,28,-1.1174374896342694,-0.7843629232302174,-1.4073019905663045,-0.6566223744785338
m5,mp5,starch,5,29,-0.527021088828977,-0.28986831246281297,-0.3282691210731661,-0.6407506843139106
m5,mp5,starch,10,0,-0.031030610929593028,0.18600134378418853,-0.26982397472020136,-0.6550061517421764
m5,mp5,starch,10,1,0.055318170086658736,-0.17481798005313998,0.21548474881048352,-0.5911429224692066
m5,mp5,starch,10,2,0.11172873549062734,-0.1264084871280986,0.4447967823148007,-0.595096159309507
m5,mp5,starch,10,3,-0.17241637361694173,-0.34554292933719455,-0.20347871965052677,-0.5529866798058214
m5,mp5,starch,10,4,-0.509199935159157,-0.9610689587693915,-0.454922059844604,-0.6313549442582822
m5,mp5,starch,10,5,0.18571139532247172,0.10610608142806865,-0.021991149550422806,-0.5668920258154535
m5,mp5,starch,10,6,0.007354665895690893,0.1945699953038038,-0.1687425226670325,-0.6716281153205488
m5,mp5,starch,10,7,-0.026201095072731384,0.009321448157452061,-0.6957307394089784,-0.5076663405639434
m5,mp5,starch,10,8,0.31721345462308304,0.5225495778117686,-0.08359767820352926,-0.600202994677935
m5,mp5,starch,10,9,-0.23358749532149226,-0.36359839879118283,-0.3004483187898219,-0.7457428816958227
m5,mp5,starch,10,10,-0.014802549643894602,0.09173515161612811,0.09621299443479903,-0.6003025768631673
m5,mp5,starch,10,11,0.09579397326953454,0.22889405808267405,0.31662281078339005,-0.6818425811450142
m5,mp5,starch,10,12,0.22609821173794187,-0.03349649391973153,0.280192598426949,-0.6530164172488491
m5,mp5,starch,10,13,-0.7432977788100057,-0.6609286467237965,-0.9647458028782427,-0.8597688066762075
m5,mp5,starch,10,14,-0.03688323063363175,0.14520012207748145,0.6217297244181139,-0.6166869859646655
m5,mp5,starch,10,15,0.037747731463355305,0.3482695873885925,-1.4854700356369221,-0.5984869776346855
m5,mp5,starch,10,16,-0.815171721251742,-1.3052167128297483,-1.2936876119251117,-0.7006693421413974
m5,mp5,starch,10,17,-0.015313889867881736,0.3135300176377793,-0.03365437565393736,-0.6050044549326374
m5,mp5,starch,10,18,-0.004365708708294447,-0.03635605667400088,0.3998168062393743,-0.7330796518249905
m5,mp5,starch,10,19,-0.01600728781509897,-0.9327363174465781,0.4386978106239987,-0.5625630768303098
m5,mp5,starch,10,20,-0.3029021349285943,-0.14190389073498166,0.07615742589002406,-0.7620188564189148
m5,mp5,starch,10,21,0.09013513933880157,0.39041801802387166,0.12385443465347701,-0.6191713995095522
m5,mp5,starch,10,22,0.24905892008571262,0.05988404369234657,0.48110266835112525,-0.7893622312644011
m5,mp5,starch,10,23,-0.8006165655304616,-0.5854911303605335,-1.1095169732047303,-0.6704444761287915
m5,mp5,starch,10,24,-0.19338328285493134,-1.0961620355723203,0.3039265965973319,-0.5636640108120061
m5,mp5,starch,10,25,0.007669090508993115,-0.020264555809169416,-0.28525870843795964,-0.5816004618061958
m5,mp5,starch,10,26,-0.4987249598868486,-1.1001370462267914,-0.535616762493178,-0.7054589422495252
m5,mp5,starch,10,27,-0.08605703464889292,-0.1767167809685699,0.010872476344552351,-0.5941703296669809
m5,mp5,starch,10,28,-0.30267231245948367,0.1808728931094814,0.26759849377045597,-0.6288461030098487
m5,mp5,starch,10,29,-0.16258456138525723,0.07140219038731221,0.21911441745870452,-0.6113467668186423
m5,mp5,starch,20,0,0.2385161497867131,0.5009747430620497,0.5155495879792134,-0.7734028790632255
m5,mp5,starch,20,1,0.19487356044183723,0.5172767640950064,0.6398484221695042,-0.6564163288823606
m5,mp5,starch,20,2,0.1830060009440886,0.3084972265059186,0.46533251837568157,-0.778321428778985
m5,mp5,starch,20,3,0.09246950595795511,0.4350260371243717,0.3437225438210326,-0.6626045619723326
m5,mp5,starch,20,4,0.24656776620983556,0.37227872280604724,0.6623786247345838,-0.49078522423257853
m5,mp5,starch,20,5,0.3189556415349525,0.32802649475199863,0.6506942988718254,-0.7328286022399697
m5,mp5,starch,20,6,0.2818701728123272,0.4351473701590295,0.5798510642419625,-0.6087406048235151
m5,mp5,starch,20,7,0.15839300712705862,0.26711334707225765,0.4767193782517276,-0.5618764396674911
m5,mp5,starch,20,8,0.21116925016343058,0.30159665536879876,0.6412876513686375,-0.7582153911177518
m5,mp5,starch,20,9,0.24109517700518546,0.3733254723674666,0.7087684061977235,-0.4638886041771155
m5,mp5,starch,20,10,0.35452113654941286,0.4530247810756095,0.6107375446514622,-0.5947198443605555
m5,mp5,starch,20,11,0.19825355934106725,0.11765695898994233,0.7425393942238657,-0.73273664312253
m5,mp5,starch,20,12,0.170491102235778,0.5159050968698183,0.6961634322918292,-0.5497514158086219
m5,mp5,starch,20,13,0.21171199491490333,0.37082560848134405,0.709173541637524,-0.8700442944362108
m5,mp5,starch,20,14,0.390759051497684,0.5514017159625403,0.6655001708825183,-0.5526176296540048
m5,mp5,starch,20,15,0.3661918833582052,0.447428721599209,0.4630105453518153,-0.4425326626486499
m5,mp5,starch,20,16,0.321359848720546,0.5837164608784244,0.7209221754431594,-0.5791618223096215
m5,mp5,starch,20,17,0.2385066560726099,0.3802573372737873,0.6740345937820156,-0.6866713645374596
m5,mp5,starch,20,18,0.4552984698807431,0.4496677441841801,0.7757633144270962,-0.7736471984256172
m5,mp5,starch,20,19,0.23365782131605872,0.4010962855841623,0.6180042790026046,-0.7005813463232271
m5,mp5,starch,20,20,0.21366573713727255,0.40044191547535846,0.6346895611439003,-0.4772029289969564
m5,mp5,starch,20,21,0.34230800479387113,0.4706907266571957,0.7534374571899578,-0.4717231383194378
m5,mp5,starch,20,22,0.36261135821862855,0.45346128212596903,0.5029976794506463,-0.6406274702747836
m5,mp5,starch,20,23,0.3629923997499088,0.45742773874871423,0.13791627857486122,-0.6061368405981882
m5,mp5,starch,20,24,0.29002359337734707,0.357652493722059,0.497762038827689,-0.47073792445665297
m5,mp5,starch,20,25,-0.6442318203339295,-0.7313049890441607,0.31998226734717283,-0.6868351534703809
m5,mp5,starch,20,26,-0.08189778730313901,0.20006854151777353,0.5288208383446521,-0.6790629384964577
m5,mp5,starch,20,27,-0.16100688066098612,-0.053664432897264414,0.11321194293101045,-0.660615352060951
m5,mp5,starch,20,28,0.2014633263608071,0.35712539946542643,0.6917389072432978,-0.46471926954314413
m5,mp5,starch,20,29,0.2648780779821909,0.43849733544227676,0.7544917040650854,-0.6408805002732048
m5,mp6,starch,5,0,-0.23212848698666688,0.07487473570019099,-0.5696183452920753,-0.12624679921821524
m5,mp6,starch,5,1,-0.02249166825365556,-0.8542858622152307,-0.5916384593430901,-0.055449116215613437
m5,mp6,starch,5,2,-0.08100578126049918,-0.5342812837117565,-0.7559188829763648,-0.14393874065588874
m5,mp6,starch,5,3,0.11588614971223687,0.22491513329482082,-0.2023215481127203,-0.08081153027312404
m5,mp6,starch,5,4,-3.029073454316068,-1.2812244869381866,-2.1481711256648315,-0.23358243704044424
m5,mp6,starch,5,5,-0.5118452115722636,-0.7853153405440563,-0.33081900134881015,-0.10768451476031271
m5,mp6,starch,5,6,-0.4217080247190663,-0.5315043607794252,-1.2175123367245448,-0.1248932495421804
m5,mp6,starch,5,7,-2.745792163712866,-1.8765583251220108,-0.4515773470515614,-0.13598111436160787
m5,mp6,starch,5,8,-0.4417634251903291,-0.9074661197038993,-0.8907692908454516,-0.09266152155399032
m5,mp6,starch,5,9,-3.112703450633605,-0.8312584152816243,-1.3580046848440341,-0.14283957514350498
m5,mp6,starch,5,10,-1.0099586259526183,-2.26756112477317,-2.9585229626848797,-0.09957079531604629
m5,mp6,starch,5,11,-0.5157630045618229,-0.9289201712490702,-1.5550334290877745,-0.11323247919899249
m5,mp6,starch,5,12,-0.2811605922790168,-0.5274652366433206,-0.976659819400894,-0.10641506223895236
m5,mp6,starch,5,13,0.03855139399899099,-0.06463912656081039,-0.16738084704217404,-0.087973449323546
m5,mp6,starch,5,14,-0.08813214724843754,-1.1526137995292065,-0.4358302773623077,-0.1094552326049476
m5,mp6,starch,5,15,-0.865326871742877,-2.2449513203187275,-0.40553586189512814,-0.11079115291514063
m5,mp6,starch,5,16,-2.0491084104862147,-1.51804757300456,-1.5117142242039314,-0.17109930371009474
m5,mp6,starch,5,17,-4.147883313938872,-3.0261192875581235,-4.585505874019352,-0.19720638758536935
m5,mp6,starch,5,18,-9.1914669478421,-5.345613867432588,-0.07646640600677523,-0.12239018465047113
m5,mp6,starch,5,19,-0.1980620184134403,0.0719764920770889,-0.3805993154423537,-0.1344574465232271
m5,mp6,starch,5,20,-1.6015406175275166,-0.602179734968532,-1.4028436898270638,-0.22012667912769412
m5,mp6,starch,5,21,-0.25513934241067715,-0.4801767436541473,-1.0908370723339171,-0.09632644644913047
m5,mp6,starch,5,22,-0.3430707675620095,-0.6566028020235501,0.09013055759388433,-0.14495669712640713
m5,mp6,starch,5,23,-0.7402496010687629,-0.6743436517351564,-0.6597583005169616,-0.12556467339364308
m5,mp6,starch,5,24,-0.20612611731899055,-0.24516119018438776,-0.8275952324794009,-0.10847824460591982
m5,mp6,starch,5,25,-1.9462549240435614,-2.2250266615887253,-3.2670275156309403,-0.16581841127261576
m5,mp6,starch,5,26,-0.18810821766752084,0.05870391972488531,-0.5261327911375331,-0.14841412780435426
m5,mp6,starch,5,27,-0.46562268588796685,-0.37982158859909054,-0.6222397808938336,-0.1381763192763077
m5,mp6,starch,5,28,-1.33307050294493,-1.2142070826899278,-1.3250941435208272,-0.147809471750596
m5,mp6,starch,5,29,-0.6605121469355015,-0.21299376456918995,-0.5920478602291173,-0.14149582936042204
m5,mp6,starch,10,0,-0.06816433628356267,0.19444679091117745,0.2808398853066363,-0.151365167927624
m5,mp6,starch,10,1,0.11613846607449063,-0.09743179121858936,0.24041850628009798,-0.1224143271291569
m5,mp6,starch,10,2,0.006357046656019549,-0.0031032019716916714,0.401205911216057,-0.11381697697537074
m5,mp6,starch,10,3,-0.1653578024261655,-0.37641628721218745,-0.20176105708351044,-0.06971998163243653
m5,mp6,starch,10,4,-0.39144362577933456,-1.2234776925369166,-0.17818591342682288,-0.1434290573327064
m5,mp6,starch,10,5,0.1460777981347272,0.11273444119409537,-0.02033496701183113,-0.08407189337069321
m5,mp6,starch,10,6,-0.1743909832909336,0.12032150808511266,-0.5494629872776708,-0.14588490569106272
m5,mp6,starch,10,7,-0.03145937328319848,-0.05469586051676334,-0.5140113579540808,-0.03609071071381642
m5,mp6,starch,10,8,0.18137655087364013,0.33752409233743763,0.27286007929910117,-0.12480020916521939
m5,mp6,starch,10,9,-0.23997635687529062,-0.21600831916867036,-0.5836339410799292,-0.2319922852188676
m5,mp6,starch,10,10,-0.16615877012089508,-0.3341642469584245,0.4634643583274414,-0.1147550702709983
m5,mp6,starch,10,11,0.08651007655364851,0.2221788258291958,0.4797005930729794,-0.15028419687605266
m5,mp6,starch,10,12,0.061562114594064576,-0.10059674893378578,0.36190364114243867,-0.15618812274205274
m5,mp6,starch,10,13,-0.8829374130732799,-0.7017380978272287,-0.9413950320970477,-0.2937550242492488
m5,mp6,starch,10,14,-0.48696381775373765,-0.9342594402243551,-0.4795746678901638,-0.12418417029943307
m5,mp6,starch,10,15,-0.08539778472455595,0.312859905687377,-0.09800429001047384,-0.10817147171265296
m5,mp6,starch,10,16,-0.7042066562658229,-1.7294155582045994,-0.8388973629838303,-0.18683220021884028
m5,mp6,starch,10,17,0.09470933451052488,0.14255582059275063,0.3487769069847948,-0.11911021506649822
m5,mp6,starch,10,18,-0.08294325664682822,0.016409063039764304,0.6141082836440519,-0.1872326069703174
m5,mp6,starch,10,19,-0.08400965317122422,-1.927713418591094,0.40919485603982986,-0.08174113056756593
m5,mp6,starch,10,20,-0.38585219226917444,-0.23230459989804864,0.4291202847327501,-0.22019623897633966
m5,mp6,starch,10,21,0.0877561382211649,0.2463655375995094,0.11617628172029815,-0.13017555167413764
m5,mp6,starch,10,22,-0.00558296363211519,-0.030429363222810313,0.3400497695927469,-0.25662075071126167
m5,mp6,starch,10,23,-1.1608924345048903,-0.9878829666043507,-0.818806855281706,-0.15542016250052892
m5,mp6,starch,10,24,-0.3691999567079933,-1.232634687186236,-0.009034947019700867,-0.09126682394033003
m5,mp6,starch,10,25,-0.5184237305788411,-0.16502103472429264,0.19402548297263433,-0.11588130574058386
m5,mp6,starch,10,26,-0.6476246708730053,-1.285414416787562,-0.3699059408217842,-0.21601636824030712
m5,mp6,starch,10,27,-0.18237933761737568,-0.5036377314688609,-0.18768796265147514,-0.11498472369385304
m5,mp6,starch,10,28,-0.42587413141004093,-0.08350764027936997,0.052210464830131253,-0.15020101955168363
m5,mp6,starch,10,29,-0.20159457270707493,-0.12961275695734598,0.021824504559826985,-0.11756080575407091
m5,mp6,starch,20,0,0.16523445890781396,0.46087436331105114,0.4933107435073242,-0.22099464222856158
m5,mp6,starch,20,1,0.26007352926018756,0.4917318267500026,0.4602449739372967,-0.15809115972468502
m5,mp6,starch,20,2,0.11416660279652624,0.3122531109997413,0.5601948720714158,-0.23565894365339846
m5,mp6,starch,20,3,0.011953055014959912,0.36067888205861487,0.04528393764069871,-0.14312582718154032
m5,mp6,starch,20,4,0.21889508167077443,0.3775732614386179,0.7005080886152509,0.01188872549527431
m5,mp6,starch,20,5,0.25254801422433026,0.30861682068015395,0.551109071658121,-0.24780098132980255
m5,mp6,starch,20,6,0.27479899046562484,0.4211503151214493,0.5259388625875161,-0.10330473176835375
m5,mp6,starch,20,7,0.13867174639697533,0.21848977996505747,0.5168835391202828,-0.09600516266973558
m5,mp6,starch,20,8,0.12013089261198451,0.3480021976667581,0.628198511360661,-0.2598358506401599
m5,mp6,starch,20,9,0.20700396156891943,0.37408666664642065,0.6707364478153087,-0.009926802937255008
m5,mp6,starch,20,10,0.29972658577998756,0.3972472984746014,0.6978353138346982,-0.08024170306457501
m5,mp6,starch,20,11,0.12459230794378495,0.1625894029984538,0.721512889296301,-0.17416494957965312
m5,mp6,starch,20,12,0.06432371468474596,0.5126179561105648,0.595528586183302,-0.07425351696436255
m5,mp6,starch,20,13,0.1604286898783409,0.2786176647265659,0.509136985458597,-0.2992823453099678
m5,mp6,starch,20,14,0.37292968581318287,0.5315093780773705,0.7445134549352058,-0.0807264904989815
m5,mp6,starch,20,15,0.358119478016409,0.455907415751737,0.3794498744058816,0.06720336060981646
m5,mp6,starch,20,16,0.30971903482633834,0.5444328987899567,0.7485156759198477,-0.0891690743167659
m5,mp6,starch,20,17,0.23600999388164046,0.3229565006881716,0.6378233061755798,-0.15849153171746844
m5,mp6,starch,20,18,0.3055036188909225,0.35241600786335514,0.7516353164406387,-0.2663824104057264
m5,mp6,starch,20,19,0.23457202042802616,0.30672326040253883,-0.11712236428192568,-0.13660419499133902
m5,mp6,starch,20,20,0.15246544369925863,0.3628762554716186,0.6132136705702307,-0.04844690491986969
m5,mp6,starch,20,21,0.32150833259311895,0.4482383022225318,0.659976655684288,-0.045178769459157664
m5,mp6,starch,20,22,0.25043075518876323,0.3835086163618062,0.43071866734773034,-0.14081284472486955
m5,mp6,starch,20,23,0.3260357631141658,0.34499292023331185,0.31998499778657996,-0.15164587160893173
m5,mp6,starch,20,24,0.27753170694979035,0.43015659235727866,0.49936845744270797,-0.004007713064890783
m5,mp6,starch,20,25,-0.7043904155660246,-0.5590028225764914,-0.5597059291325559,-0.14674324738304567
m5,mp6,starch,20,26,-0.14483679497758484,0.22344804217376757,0.514750361161997,-0.14852085217572197
m5,mp6,starch,20,27,-0.29288165362541574,-0.04991328925076788,0.030764245772314958,-0.1579897047228378
m5,mp6,starch,20,28,0.13391641537555432,0.34908065813313394,0.7140117632673945,-0.018972050493943904
m5,mp6,starch,20,29,0.37543729353634625,0.42831994245969784,0.6990247444714568,-0.09766882498066898
